iso3;anio;valor_en_porcentaje
AUS;1965;5.5626216
ARG;1965;1.1026944
BRA;1965;27.548725
CHL;1965;16.141762
OWID_WRL;1965;6.620816
AUT;1965;25.096405
BEL;1965;0.19477375
BGR;1965;4.931371
CAN;1965;25.164799
CHN;1965;4.253407
COL;1965;10.729045
CZE;1965;1.4077874
DEU;1965;1.6256839
DZA;1965;4.7630677
EGY;1965;5.587894
FRA;1965;10.77933
GBR;1965;2.442916
HUN;1965;0.11989387
IDN;1965;6.385929
IND;1965;9.149455
IRN;1965;5.2250767
ITA;1965;15.472531
JPN;1965;12.338977
LUX;1965;0.61123115
MAR;1965;20.195011
MEX;1965;8.934724
NLD;1965;0
OWID_USS;1965;3.5576594
PAK;1965;7.8989325
PER;1965;14.111191
POL;1965;0.35209695
ROU;1965;1.0662187
SAU;1965;0
SVK;1965;6.1526546
TWN;1965;10.868428
USA;1965;4.4445095
VEN;1965;2.1140683
ZAF;1965;0.030886449
AUS;1966;5.0718946
ARG;1966;1.0818663
BRA;1966;27.618214
CHL;1966;15.867013
AUT;1966;25.840193
OWID_WRL;1966;6.74608
BEL;1966;0.22650358
BGR;1966;4.6229753
CAN;1966;26.227749
CHN;1966;3.9831228
COL;1966;10.590929
CZE;1966;1.3170925
DEU;1966;1.7668713
DZA;1966;3.518747
EGY;1966;5.5950437
FRA;1966;11.897502
GBR;1966;3.040986
HUN;1966;0.15773733
IDN;1966;8.36461
IND;1966;9.270713
IRN;1966;5.151487
ITA;1966;14.876864
JPN;1966;11.733366
LUX;1966;0.57401025
MAR;1966;13.327539
MEX;1966;9.63311
NLD;1966;0
OWID_USS;1966;3.770632
PAK;1966;7.8401723
PER;1966;12.449849
POL;1966;0.35020763
ROU;1966;1.0295304
SAU;1966;0
SVK;1966;5.695992
TWN;1966;10.4390545
USA;1966;4.279533
VEN;1966;2.1339142
ZAF;1966;0.029866165
AUS;1967;4.9495487
AUT;1967;26.118929
ARG;1967;1.0765308
BRA;1967;27.880291
CHL;1967;15.8887
OWID_WRL;1967;6.679294
BEL;1967;0.23236643
BGR;1967;4.0036206
CAN;1967;25.638502
CHN;1967;3.818398
COL;1967;11.202192
CZE;1967;1.2057945
DEU;1967;1.7753115
DZA;1967;4.291954
EGY;1967;7.041625
FRA;1967;9.949951
GBR;1967;3.4573169
HUN;1967;0.13554126
IDN;1967;9.505836
IND;1967;10.058605
IRN;1967;5.0412226
ITA;1967;13.2155075
JPN;1967;8.871291
LUX;1967;0.6577615
MAR;1967;11.18483
MEX;1967;10.29133
NLD;1967;0
OWID_USS;1967;3.4704354
PAK;1967;8.392018
PER;1967;13.701914
POL;1967;0.3647668
ROU;1967;1.3156693
SAU;1967;0
SVK;1967;4.855119
TWN;1967;9.467523
USA;1967;4.687128
VEN;1967;2.3735323
ZAF;1967;0.020714175
AUS;1968;4.8654675
AUT;1968;25.099167
ARG;1968;1.2272897
BRA;1968;25.555754
CHL;1968;13.367759
OWID_WRL;1968;6.6903105
BEL;1968;0.19221336
BGR;1968;2.3115647
CAN;1968;24.632303
CHE;1968;39.6735
CHN;1968;4.458871
COL;1968;12.023638
CZE;1968;0.89475876
DEU;1968;1.7341964
DZA;1968;5.4861946
EGY;1968;9.956792
FRA;1968;10.6739235
GBR;1968;3.5381756
HUN;1968;0.14179073
IDN;1968;11.010139
IND;1968;10.8575325
IRN;1968;4.9317336
ITA;1968;12.211649
JPN;1968;8.5672655
LUX;1968;0.621158
MAR;1968;11.826925
MEX;1968;10.842833
NLD;1968;0.015150955
OWID_USS;1968;3.9467227
PAK;1968;8.885178
PER;1968;14.438607
POL;1968;0.35622162
ROU;1968;1.3085219
SAU;1968;0
SVK;1968;4.0370173
TWN;1968;12.089816
USA;1968;4.55479
VEN;1968;3.6946754
ZAF;1968;0.018117523
AUS;1969;5.086988
AUT;1969;22.27537
ARG;1969;1.0651326
BRA;1969;25.05622
CHL;1969;13.999327
BEL;1969;0.14537379
OWID_WRL;1969;6.6726766
BGR;1969;2.9225402
CAN;1969;25.60727
CHE;1969;37.368385
CHN;1969;3.7274022
COL;1969;13.203888
CZE;1969;0.7005399
DEU;1969;1.5954081
DZA;1969;3.1827633
EGY;1969;16.08243
ESP;1969;18.939919
FRA;1969;10.249425
GBR;1969;3.6926992
HUN;1969;0.14133148
IDN;1969;10.201887
IND;1969;11.137484
IRN;1969;4.837112
ITA;1969;10.840629
JPN;1969;7.7167706
LUX;1969;0.50225776
MAR;1969;13.944498
MEX;1969;10.4753
NLD;1969;0.152845
OWID_USS;1969;4.190106
PAK;1969;9.32975
PER;1969;15.602732
POL;1969;0.28452122
ROU;1969;1.6154395
SAU;1969;0
SVK;1969;3.0090575
TWN;1969;9.123023
USA;1969;4.835468
VEN;1969;4.2418756
ZAF;1969;0.015396576
AUS;1970;5.421451
AUT;1970;24.770256
BEL;1970;0.16478363
ARG;1970;1.3533598
BRA;1970;27.117094
CHL;1970;14.19122
OWID_WRL;1970;6.6527715
BGR;1970;3.0394952
CAN;1970;25.18255
CHE;1970;36.64664
CHN;1970;3.0095923
COL;1970;13.413398
CZE;1970;0.9598853
DEU;1970;2.0274239
DZA;1970;4.6656837
EGY;1970;15.164636
ESP;1970;16.054634
FRA;1970;10.436109
GBR;1970;3.4190855
HUN;1970;0.12151648
IDN;1970;11.57067
IND;1970;12.270132
IRN;1970;4.4152985
ITA;1970;10.050793
JPN;1970;7.233779
LUX;1970;0.53466296
MAR;1970;13.103196
MEX;1970;10.981713
MYS;1970;8.029954
NLD;1970;0.15826146
NZL;1970;38.82334
OWID_USS;1970;4.3159747
PAK;1970;8.390381
PER;1970;14.4538965
POL;1970;0.5491499
ROU;1970;1.8980381
SAU;1970;0
SVK;1970;4.1029906
TWN;1970;7.867682
USA;1970;4.7585278
VEN;1970;5.406153
ZAF;1970;0.017539408
AUS;1971;5.8227277
AUT;1971;19.6523
BEL;1971;0.07485565
ARG;1971;1.2702763
BGD;1971;3.859758
BRA;1971;26.37442
CHL;1971;14.860414
OWID_WRL;1971;6.8122854
BGR;1971;2.9434657
CAN;1971;25.556093
CHE;1971;35.24591
CHN;1971;3.0704048
COL;1971;14.3879595
CZE;1971;0.64512116
DEU;1971;1.6637679
DZA;1971;2.4559188
EGY;1971;15.877998
ESP;1971;17.417469
FRA;1971;9.354795
GBR;1971;3.5202503
HUN;1971;0.128392
IDN;1971;4.00115
IND;1971;12.774062
IRN;1971;4.3325543
ITA;1971;9.320574
JPN;1971;7.818609
LUX;1971;0.31431046
MAR;1971;13.923879
MEX;1971;10.142723
MYS;1971;6.2558084
NLD;1971;0.16516818
NZL;1971;41.630173
OWID_USS;1971;4.199794
PAK;1971;11.862198
PER;1971;17.671724
POL;1971;0.48687243
ROU;1971;2.8985322
SAU;1971;0
SVK;1971;2.8729024
TWN;1971;6.7593374
USA;1971;5.2267337
VEN;1971;6.983936
ZAF;1971;0.07294351
AUS;1972;5.599285
AUT;1972;19.524149
BEL;1972;0.10013115
BGD;1972;3.406534
ARG;1972;1.2349532
BRA;1972;27.116016
CHL;1972;17.308092
BGR;1972;2.7616532
OWID_WRL;1972;6.941994
CAN;1972;26.880077
CHE;1972;32.882725
CHN;1972;3.227597
COL;1972;13.823888
CZE;1972;0.6712159
DEU;1972;1.8386331
DZA;1972;3.278343
EGY;1972;14.63569
ESP;1972;18.831684
FRA;1972;9.5122
GBR;1972;3.673574
HUN;1972;0.14248806
IDN;1972;3.3738363
IND;1972;11.776673
IRN;1972;5.018947
ITA;1972;9.287752
JPN;1972;7.6518364
LUX;1972;0.35941938
MAR;1972;13.526379
MEX;1972;9.780027
MYS;1972;6.1961737
NLD;1972;0.11446433
NZL;1972;41.191326
OWID_USS;1972;4.0271845
PAK;1972;13.898219
PER;1972;20.367374
POL;1972;0.4683993
ROU;1972;4.4929147
SAU;1972;0
SVK;1972;2.8667028
TWN;1972;7.442085
USA;1972;5.3539753
VEN;1972;7.378936
ZAF;1972;0.52579415
AUS;1973;5.588665
AUT;1973;20.17739
BEL;1973;0.19139794
BGD;1973;5.024387
BGR;1973;3.2605417
ARG;1973;2.2839267
BRA;1973;26.067352
CHL;1973;17.450201
OWID_WRL;1973;6.872115
CAN;1973;27.474419
CHE;1973;34.763435
CHN;1973;3.417015
COL;1973;15.555398
CZE;1973;0.57063675
DEU;1973;2.0752115
DZA;1973;4.175826
EGY;1973;15.458054
ESP;1973;15.124355
FRA;1973;8.632648
GBR;1973;3.404124
HUN;1973;0.12081837
IDN;1973;3.7743795
IND;1973;12.607008
IRN;1973;3.5577044
ITA;1973;8.123724
JPN;1973;5.5749536
LUX;1973;0.2993406
MAR;1973;9.094625
MEX;1973;9.648298
MYS;1973;5.646239
NLD;1973;0.36571285
NZL;1973;39.168327
OWID_USS;1973;3.941008
PAK;1973;14.215199
PER;1973;19.269955
POL;1973;0.45816857
ROU;1973;4.244083
SAU;1973;0
SVK;1973;2.7478938
TWN;1973;5.9530554
USA;1973;5.580639
VEN;1973;6.668882
ZAF;1973;0.577211
AUS;1974;5.95511
AUT;1974;23.734526
BEL;1974;0.2676896
BGD;1974;3.4634595
BGR;1974;3.6594305
ARG;1974;4.342596
BRA;1974;26.414951
CHL;1974;19.770317
OWID_WRL;1974;7.675576
CAN;1974;28.60637
CHE;1974;38.581486
CHN;1974;3.7493546
COL;1974;15.7888975
CZE;1974;0.9500237
DEU;1974;2.4660115
DZA;1974;2.494738
EGY;1974;16.143082
ESP;1974;15.479853
FIN;1974;18.06427
FRA;1974;9.969419
GBR;1974;4.2407827
HUN;1974;0.094015844
IDN;1974;3.9022937
IND;1974;11.425445
IRN;1974;3.4556205
ITA;1974;8.301662
JPN;1974;7.4049354
LUX;1974;0.43540335
MAR;1974;9.542439
MEX;1974;9.094654
MYS;1974;5.05663
NLD;1974;1.1395861
NZL;1974;40.95153
OWID_USS;1974;4.1886034
PAK;1974;13.5965605
PER;1974;18.357449
POL;1974;0.620982
ROU;1974;4.733459
SAU;1974;0
SVK;1974;4.54585
TWN;1974;8.604859
USA;1974;6.618513
VEN;1974;7.9816513
ZAF;1974;0.6448366
AUS;1975;6.2970085
AUT;1975;25.034246
BEL;1975;3.871629
BGD;1975;6.043976
BGR;1975;5.465439
ARG;1975;5.64054
CAN;1975;27.71457
BRA;1975;27.490095
CHL;1975;21.942268
OWID_WRL;1975;8.156491
CHE;1975;42.586536
CHN;1975;3.503824
COL;1975;18.878565
CZE;1975;0.91022944
DEU;1975;3.254713
DZA;1975;1.3782818
EGY;1975;16.16058
ESP;1975;13.414354
FIN;1975;17.08967
FRA;1975;11.624997
GBR;1975;4.079702
HUN;1975;0.17870052
IDN;1975;3.3421185
IND;1975;12.693411
IRN;1975;3.1140482
ITA;1975;9.101361
JPN;1975;8.207497
LUX;1975;0.45285672
MAR;1975;7.134391
MEX;1975;7.7844524
MYS;1975;4.8979263
NLD;1975;1.461569
NZL;1975;43.82888
OWID_USS;1975;4.0131335
PAK;1975;14.901722
PER;1975;18.165419
POL;1975;0.5374193
ROU;1975;4.793049
SAU;1975;0
SVK;1975;3.5232208
TWN;1975;8.733823
USA;1975;7.673963
VEN;1975;8.893406
ZAF;1975;0.59844273
AUS;1976;5.7934213
AUT;1976;20.905321
BEL;1976;5.2734094
BGD;1976;5.868124
BGR;1976;8.146262
CAN;1976;28.393713
ARG;1976;5.2805696
BRA;1976;28.666958
CHL;1976;21.900364
CHE;1976;37.609077
OWID_WRL;1976;7.9901023
CHN;1976;3.3725686
COL;1976;19.034077
CZE;1976;0.7058947
DEU;1976;3.207044
DZA;1976;1.4010222
EGY;1976;15.923643
ESP;1976;10.660241
FIN;1976;12.514575
FRA;1976;8.988821
GBR;1976;4.759385
HUN;1976;0.16931991
IDN;1976;1.86724
IND;1976;12.776077
IRN;1976;3.0952492
ITA;1976;8.264039
JPN;1976;8.561666
LUX;1976;0.2848827
MAR;1976;6.466088
MEX;1976;8.30845
MYS;1976;4.1376095
NLD;1976;1.5344442
NZL;1976;39.66771
OWID_USS;1976;4.3382497
PAK;1976;15.559706
PER;1976;18.74816
POL;1976;0.4238295
ROU;1976;3.851948
SAU;1976;0
SVK;1976;3.8035312
TWN;1976;5.838051
USA;1976;7.3539677
VEN;1976;9.633482
ZAF;1976;0.96040404
AUS;1977;5.2697754
AUT;1977;25.271303
BEL;1977;6.416232
BGD;1977;5.079776
BGR;1977;9.162012
CAN;1977;28.756395
CHE;1977;43.15841
ARG;1977;4.9611993
BRA;1977;30.686188
CHL;1977;22.105398
CHN;1977;3.2287142
OWID_WRL;1977;8.32979
COL;1977;18.79995
CZE;1977;0.9296591
DEU;1977;4.31802
DZA;1977;0.8817282
EGY;1977;16.571007
ESP;1977;16.74441
FIN;1977;18.36673
FRA;1977;12.939471
GBR;1977;5.044491
HUN;1977;0.14541946
IDN;1977;2.34783
IND;1977;12.903142
IRN;1977;2.8250146
ITA;1977;10.263176
JPN;1977;7.570321
LUX;1977;0.69326395
MAR;1977;7.88484
MEX;1977;8.738277
MYS;1977;2.8693047
NLD;1977;1.5085223
NOR;1977;64.26859
NZL;1977;36.97633
OWID_USS;1977;4.721385
PAK;1977;16.396587
PER;1977;19.299877
POL;1977;0.49482882
ROU;1977;4.187206
SAU;1977;0
SVK;1977;3.728671
TWN;1977;5.116251
USA;1977;7.135481
VEN;1977;9.939145
ZAF;1977;0.9714049
AUS;1978;5.508697
AUT;1978;24.244625
BEL;1978;6.437148
BGD;1978;5.5367117
BGR;1978;8.274549
CAN;1978;30.484804
CHE;1978;40.785473
CHN;1978;2.7594638
ARG;1978;7.0858197
BRA;1978;30.963718
CHL;1978;22.151817
OWID_WRL;1978;8.82472
COL;1978;20.633047
CZE;1978;0.8529741
DEU;1978;4.407154
DZA;1978;0.6521151
EGY;1978;17.237104
ESP;1978;17.292536
FIN;1978;15.522062
FRA;1978;12.918242
GBR;1978;4.711753
HUN;1978;0.12593117
IDN;1978;1.49063
IND;1978;15.391042
IRN;1978;4.5260034
ITA;1978;9.231106
JPN;1978;8.93935
LUX;1978;0.65441746
MAR;1978;7.7057586
MEX;1978;6.597964
MYS;1978;2.5391793
NLD;1978;1.711121
NOR;1978;64.17826
NZL;1978;39.497875
OWID_USS;1978;5.0810037
PAK;1978;18.48265
PER;1978;19.762915
POL;1978;0.46934918
ROU;1978;4.4158015
SAU;1978;0
SVK;1978;3.2149608
TWN;1978;7.917228
USA;1978;8.192759
VEN;1978;9.782297
ZAF;1978;0.96227163
AUS;1979;5.1658406
AUT;1979;25.784454
BEL;1979;5.7608137
BGD;1979;5.825672
BGR;1979;8.586367
CAN;1979;31.059208
CHE;1979;42.576237
CHN;1979;3.008899
ARG;1979;8.312162
BRA;1979;32.51719
CHL;1979;21.552887
COL;1979;21.762644
OWID_WRL;1979;8.943431
CZE;1979;1.0576006
DEU;1979;4.7160487
DZA;1979;0.5792936
EGY;1979;15.267534
ESP;1979;17.786201
FIN;1979;19.237047
FRA;1979;13.466322
GBR;1979;4.645052
HUN;1979;0.13454616
IDN;1979;1.4562845
IND;1979;14.103171
IRL;1979;2.3525975
IRN;1979;3.6342711
ITA;1979;8.741142
JPN;1979;10.052746
LUX;1979;0.69214594
MAR;1979;7.719043
MEX;1979;6.7473707
MYS;1979;2.6952229
NLD;1979;1.4459108
NOR;1979;65.86465
NZL;1979;44.850327
OWID_USS;1979;5.152096
PAK;1979;18.069641
PER;1979;20.380562
POL;1979;0.42775407
ROU;1979;4.625903
SAU;1979;0
SVK;1979;5.4123397
TWN;1979;10.541493
USA;1979;7.8222456
VEN;1979;10.329237
ZAF;1979;0.5590492
AUS;1980;4.862272
AUT;1980;26.826015
BEL;1980;6.6043563
BGD;1980;4.96088
BGR;1980;8.474185
CAN;1980;31.51935
CHE;1980;45.622498
CHN;1980;3.566198
COL;1980;22.777384
ARG;1980;10.958725
BRA;1980;35.243515
CHL;1980;22.069942
CZE;1980;1.1426239
OWID_WRL;1980;9.40021
DEU;1980;5.1990204
DZA;1980;0.4290016
EGY;1980;13.69403
ESP;1980;11.640144
FIN;1980;18.891968
FRA;1980;16.647429
GBR;1980;4.902943
HUN;1980;0.10290331
IDN;1980;1.2272301
IND;1980;14.023217
IRL;1980;2.4656003
IRN;1980;4.064726
ISR;1980;0
ITA;1980;8.802953
JPN;1980;11.690446
LUX;1980;0.77743924
MAR;1980;7.3711247
MEX;1980;5.803557
MYS;1980;3.2901187
NLD;1980;1.7411675
NOR;1980;65.25247
NZL;1980;46.991554
OWID_USS;1980;5.6027513
PAK;1980;17.12823
PER;1980;19.653427
POL;1980;0.5173495
ROU;1980;5.1059155
SAU;1980;0
SVK;1980;8.905686
TWN;1980;10.143001
USA;1980;8.033562
VEN;1980;9.45448
ZAF;1980;0.45417184
AUS;1981;4.930354
AUT;1981;29.280653
BEL;1981;7.1601987
BGD;1981;5.0166492
BGR;1981;11.048305
CAN;1981;33.6213
CHE;1981;48.46403
CHN;1981;4.066497
COL;1981;22.155632
CZE;1981;0.9889818
ARG;1981;11.287144
BRA;1981;36.3235
CHL;1981;22.72726
OWID_WRL;1981;10.062484
DEU;1981;6.1013775
DZA;1981;0.50294036
EGY;1981;12.52634
ESP;1981;10.44322
FIN;1981;30.572697
FRA;1981;22.63198
GBR;1981;5.2179065
HUN;1981;0.15593338
IDN;1981;1.1406815
IND;1981;13.466771
IRL;1981;2.5970182
IRN;1981;4.4219165
ISR;1981;0.006281011
ITA;1981;8.595571
JPN;1981;12.163535
LUX;1981;0.99061763
MAR;1981;5.1364617
MEX;1981;7.5373635
MYS;1981;3.5273147
NLD;1981;1.6736997
NOR;1981;68.59787
NZL;1981;47.48469
OWID_USS;1981;5.8181744
PAK;1981;16.780693
PER;1981;21.26738
POL;1981;0.5322904
ROU;1981;5.1341105
SAU;1981;0
SVK;1981;9.376169
THA;1981;6.015194
TWN;1981;15.080439
USA;1981;8.381008
VEN;1981;9.426736
VNM;1981;8.2104645
ZAF;1981;0.65005094
AUS;1982;4.6367826
AUT;1982;30.31977
BEL;1982;8.852228
BGD;1982;3.8052511
BGR;1982;11.650768
CAN;1982;33.57675
CHE;1982;50.06023
CHN;1982;4.4212723
COL;1982;23.009438
CZE;1982;0.8108596
ARG;1982;12.366886
DEU;1982;6.94745
BRA;1982;37.79666
CHL;1982;26.627869
OWID_WRL;1982;10.546408
DZA;1982;0.5708701
EGY;1982;11.533038
ESP;1982;11.669606
FIN;1982;32.57894
FRA;1982;23.749939
GBR;1982;6.0469975
GRC;1982;5.2865105
HUN;1982;0.14692831
IDN;1982;1.2204517
IND;1982;11.493147
IRL;1982;2.4390516
IRN;1982;4.111237
ISR;1982;0.005812406
ITA;1982;9.199923
JPN;1982;13.922405
LUX;1982;0.9594649
MAR;1982;2.7842176
MEX;1982;6.8430977
MYS;1982;3.1702034
NLD;1982;1.5572321
NOR;1982;69.16161
NZL;1982;43.100174
OWID_USS;1982;5.6887503
PAK;1982;17.143526
PER;1982;22.379803
POL;1982;0.39483663
ROU;1982;4.8196645
SAU;1982;0
SVK;1982;10.080485
THA;1982;7.5709677
TUR;1982;12.745108
TWN;1982;15.588453
USA;1982;9.628787
VEN;1982;9.688069
VNM;1982;7.957216
ZAF;1982;0.37149048
AUS;1983;4.534481
AUT;1983;30.117786
BEL;1983;13.9216795
BGD;1983;4.870658
BGR;1983;13.141084
CAN;1983;35.803665
CHE;1983;47.80799
CHN;1983;4.8234906
COL;1983;22.032003
CZE;1983;0.89533144
DEU;1983;7.0113754
DNK;1983;0.14966652
ARG;1983;13.302724
BRA;1983;41.02851
CHL;1983;27.825817
OWID_WRL;1983;11.149119
DZA;1983;0.25644946
EGY;1983;9.980415
ESP;1983;12.242547
FIN;1983;34.468693
FRA;1983;27.476105
GBR;1983;6.7592278
GRC;1983;3.454517
HUN;1983;2.3771007
IDN;1983;1.7323705
IND;1983;10.732102
IRL;1983;2.4031906
IRN;1983;3.3884645
ISR;1983;0.002904362
ITA;1983;9.190798
JPN;1983;14.839226
LUX;1983;1.0039246
MAR;1983;2.2804005
MEX;1983;6.308686
MYS;1983;3.213416
NLD;1983;1.4219129
NOR;1983;71.88228
NZL;1983;44.462418
OWID_USS;1983;5.908102
PAK;1983;18.630857
PER;1983;24.702398
POL;1983;0.44284835
ROU;1983;4.1099563
SAU;1983;0
SVK;1983;10.604702
THA;1983;6.5891347
TUR;1983;9.873128
TWN;1983;18.794779
USA;1983;10.2414255
VEN;1983;11.105164
VNM;1983;5.9674644
ZAF;1983;0.21470517
AUS;1984;4.7184544
AUT;1984;26.68983
BEL;1984;15.309538
BGD;1984;6.1055837
BGR;1984;13.485257
CAN;1984;36.21152
CHE;1984;46.826828
CHN;1984;4.515455
COL;1984;24.247952
CZE;1984;1.1667187
DEU;1984;8.540656
DNK;1984;0.15148832
ARG;1984;14.838512
BRA;1984;43.019447
CHL;1984;27.770302
DZA;1984;0.5136736
OWID_WRL;1984;11.675484
EGY;1984;8.979603
ESP;1984;17.25076
FIN;1984;33.90457
FRA;1984;31.831202
GBR;1984;7.263492
GRC;1984;4.0465713
HUN;1984;3.4739003
IDN;1984;1.7180939
IND;1984;11.339728
IRL;1984;2.1390052
IRN;1984;2.9317567
ISR;1984;0.005582046
ITA;1984;9.424901
JPN;1984;14.190346
LUX;1984;1.0007659
MAR;1984;1.7123275
MEX;1984;6.831296
MYS;1984;5.8833213
NLD;1984;1.3274013
NOR;1984;71.13632
NZL;1984;43.45358
OWID_USS;1984;6.75758
PAK;1984;18.312424
PER;1984;25.10971
POL;1984;0.3671588
ROU;1984;4.670981
SAU;1984;0
SVK;1984;10.821858
THA;1984;6.626251
TUR;1984;11.116493
TWN;1984;21.796032
USA;1984;10.170345
VEN;1984;12.205674
VNM;1984;7.7337303
ZAF;1984;1.4285707
AUS;1985;4.863155
AUT;1985;29.769283
AZE;1985;1.6519357
BEL;1985;18.222717
BGD;1985;4.526682
BGR;1985;13.023737
BLR;1985;0.014493478
CAN;1985;37.621876
CHE;1985;49.264248
CHN;1985;4.441829
COL;1985;25.23612
CZE;1985;1.8594567
DEU;1985;10.49098
DNK;1985;0.16285837
DZA;1985;0.72826535
ARG;1985;16.157017
BRA;1985;43.810577
CHL;1985;30.351582
EGY;1985;8.225813
OWID_WRL;1985;12.323187
ESP;1985;18.870678
EST;1985;0
FIN;1985;31.55871
FRA;1985;34.250317
GBR;1985;7.7404714
GRC;1985;3.7546217
HUN;1985;5.6528172
IDN;1985;1.9808587
IND;1985;10.478157
IRL;1985;2.487561
IRN;1985;2.7088299
ISR;1985;0.00601886
ITA;1985;9.136989
JPN;1985;16.466648
KAZ;1985;1.9355252
LTU;1985;15.52998
LUX;1985;0.81546617
LVA;1985;8.286784
MAR;1985;2.2006679
MEX;1985;7.82051
MYS;1985;6.482968
NLD;1985;1.5166957
NOR;1985;69.52918
NZL;1985;41.613804
PAK;1985;18.1585
PER;1985;27.571493
POL;1985;0.4598646
ROU;1985;5.2583566
RUS;1985;7.8923173
SAU;1985;0
SVK;1985;13.719656
SWE;1985;55.210285
THA;1985;5.7355323
TKM;1985;0.006198966
TUR;1985;9.229306
TWN;1985;24.982508
UKR;1985;6.5788693
USA;1985;10.443619
UZB;1985;3.4460564
VEN;1985;13.293667
VNM;1985;7.0842214
ZAF;1985;1.8507943
AUS;1986;4.7985597
AUT;1986;30.177652
AZE;1986;0.9406936
BEL;1986;20.147831
BGD;1986;2.5327973
BGR;1986;11.968174
BLR;1986;0.012695331
CAN;1986;39.055515
CHE;1986;47.78144
CHN;1986;4.3385277
COL;1986;27.80027
CZE;1986;3.6011386
DEU;1986;10.113061
DNK;1986;0.27791974
DZA;1986;0.2664045
EGY;1986;7.8884335
ARG;1986;15.482304
BRA;1986;42.815575
CHL;1986;31.423769
ESP;1986;19.78858
OWID_WRL;1986;12.535581
EST;1986;0
FIN;1986;31.275412
FRA;1986;36.9464
GBR;1986;7.396672
GRC;1986;4.321012
HUN;1986;6.485686
IDN;1986;2.9868257
IND;1986;10.0077715
IRL;1986;2.5271845
IRN;1986;3.4556096
ISR;1986;0.017165788
ITA;1986;9.223572
JPN;1986;16.753815
KAZ;1986;1.7365297
KOR;1986;12.781332
LTU;1986;17.499424
LUX;1986;0.9784457
LVA;1986;8.983882
MAR;1986;2.8153405
MEX;1986;6.596592
MYS;1986;6.458532
NLD;1986;1.5909495
NOR;1986;66.9773
NZL;1986;42.98595
PAK;1986;16.570778
PER;1986;27.36942
POL;1986;0.38169914
ROU;1986;4.3782783
RUS;1986;8.067212
SAU;1986;0
SVK;1986;16.076738
SWE;1986;53.703384
THA;1986;8.074997
TKM;1986;0.004980687
TUR;1986;8.374288
TWN;1986;21.872889
UKR;1986;5.467161
USA;1986;10.968868
UZB;1986;2.9860458
VEN;1986;13.745109
VNM;1986;6.225277
ZAF;1986;3.1960719
AUS;1987;4.532893
AUT;1987;32.193813
AZE;1987;0.9706842
BEL;1987;20.878838
BGD;1987;2.6365013
BGR;1987;12.356301
BLR;1987;0.012513183
CAN;1987;39.012127
CHE;1987;50.01514
CHN;1987;4.2555475
COL;1987;27.698511
CZE;1987;5.76394
DEU;1987;10.880976
DNK;1987;0.37065881
DZA;1987;0.5174274
EGY;1987;7.4370356
ESP;1987;20.471462
ARG;1987;15.696147
BRA;1987;42.589603
CHL;1987;32.36392
EST;1987;0
OWID_WRL;1987;12.671119
FIN;1987;31.598085
FRA;1987;38.51427
GBR;1987;6.8945527
GRC;1987;3.3969667
HUN;1987;9.136688
IDN;1987;2.9112308
IND;1987;8.868162
IRL;1987;1.8662728
IRN;1987;3.5734787
ISR;1987;0.026678516
ITA;1987;7.3135414
JPN;1987;17.543306
KAZ;1987;2.035726
KOR;1987;15.876646
LTU;1987;15.532288
LUX;1987;1.2274541
LVA;1987;12.136782
MAR;1987;3.5068126
MEX;1987;6.1185946
MYS;1987;7.5484753
NLD;1987;1.3999912
NOR;1987;68.43145
NZL;1987;42.211864
PAK;1987;18.999693
PER;1987;27.023897
POL;1987;0.3551029
ROU;1987;4.377777
RUS;1987;8.308958
SAU;1987;0
SVK;1987;15.79752
SWE;1987;58.407967
THA;1987;5.194037
TKM;1987;0.005006666
TUR;1987;11.513276
TWN;1987;23.56369
UKR;1987;6.010671
USA;1987;10.672887
UZB;1987;4.200674
VEN;1987;16.863823
VNM;1987;5.438617
ZAF;1987;2.3541007
AUS;1988;4.64168
AUT;1988;32.733353
AZE;1988;0.842058
BEL;1988;21.003311
BGD;1988;3.0908637
BGR;1988;15.001813
BLR;1988;0.012336068
CAN;1988;37.20411
CHE;1988;50.43704
CHN;1988;4.3230724
COL;1988;29.223629
CZE;1988;6.0560846
DEU;1988;11.835427
DNK;1988;0.5722486
DZA;1988;0.17717436
EGY;1988;7.214404
ESP;1988;24.472641
EST;1988;0
ARG;1988;11.459444
BRA;1988;44.04565
CHL;1988;28.551182
FIN;1988;31.296392
OWID_WRL;1988;12.913426
FRA;1988;39.82407
GBR;1988;7.82496
GRC;1988;2.7383325
HUN;1988;11.4127865
IDN;1988;3.0289974
IND;1988;9.108613
IRL;1988;2.3837883
IRN;1988;3.6968005
ISR;1988;0.024891872
ITA;1988;7.320364
JPN;1988;16.659359
KAZ;1988;2.3956878
KOR;1988;13.806622
LTU;1988;20.451012
LUX;1988;1.1297147
LVA;1988;10.432146
MAR;1988;3.7663102
MEX;1988;6.7846136
MYS;1988;8.279656
NLD;1988;1.4865474
NOR;1988;69.97984
NZL;1988;42.28657
PAK;1988;18.619598
PER;1988;26.669767
POL;1988;0.36688256
ROU;1988;5.6659927
RUS;1988;8.40067
SAU;1988;0
SVK;1988;15.459297
SWE;1988;59.79699
THA;1988;4.262178
TKM;1988;0.004972991
TUR;1988;16.268532
TWN;1988;19.496855
UKR;1988;8.390824
USA;1988;10.814678
UZB;1988;4.415101
VEN;1988;17.953766
VNM;1988;7.0410004
ZAF;1988;3.753627
AUS;1989;4.4199533
AUT;1989;32.40866
AZE;1989;0.8257339
BEL;1989;19.928024
BGD;1989;3.907864
BGR;1989;14.030793
BLR;1989;0.012754957
CAN;1989;35.013893
CHE;1989;48.427616
CHN;1989;4.4680266
COL;1989;30.273563
CZE;1989;6.3041806
DEU;1989;12.167329
DNK;1989;0.88691425
DZA;1989;0.2249582
EGY;1989;7.3539524
ESP;1989;20.43944
EST;1989;0
FIN;1989;30.408308
ARG;1989;10.28527
BRA;1989;44.49607
CHL;1989;21.783056
FRA;1989;39.03124
OWID_WRL;1989;12.839289
GBR;1989;8.7464695
GRC;1989;2.0288165
HUN;1989;12.089269
IDN;1989;3.4081194
IND;1989;9.274704
IRL;1989;1.8510282
IRN;1989;2.7610445
ISR;1989;0.007137956
ITA;1989;6.0404835
JPN;1989;16.929388
KAZ;1989;2.5722094
KOR;1989;15.194281
LTU;1989;24.367962
LUX;1989;0.762681
LVA;1989;12.539953
MAR;1989;4.231739
MEX;1989;7.3806286
MYS;1989;6.8369017
NLD;1989;1.6269062
NOR;1989;71.44203
NZL;1989;41.45156
PAK;1989;17.765394
PER;1989;29.208479
POL;1989;0.34613898
ROU;1989;5.2358437
RUS;1989;8.377385
SAU;1989;0
SVK;1989;16.270157
SWE;1989;60.420418
THA;1989;5.435299
TKM;1989;0.004839843
TUR;1989;10.282754
TWN;1989;17.355942
UKR;1989;8.004715
USA;1989;11.313686
UZB;1989;3.2768686
VEN;1989;18.045055
VNM;1989;15.831219
ZAF;1989;3.9822285
AUS;1990;4.4593916
AUT;1990;28.908712
AZE;1990;1.8816601
BEL;1990;19.784542
BGD;1990;3.5392714
BGR;1990;14.506109
BLR;1990;0.012691677
CAN;1990;36.31499
CHE;1990;47.075417
CHN;1990;4.723668
COL;1990;32.54881
CZE;1990;7.1593256
DEU;1990;11.657906
DNK;1990;1.2664864
DZA;1990;0.1267387
ECU;1990;18.208447
EGY;1990;7.5208664
ESP;1990;21.606882
EST;1990;0
FIN;1990;31.893682
FRA;1990;39.753822
ARG;1990;14.31952
BRA;1990;44.936474
CHL;1990;18.957916
GBR;1990;8.117698
OWID_WRL;1990;13.116701
GRC;1990;1.8226942
HRV;1990;11.523735
HUN;1990;12.232595
IDN;1990;3.7318628
IND;1990;9.331527
IRL;1990;1.7483125
IRN;1990;2.6902497
ISR;1990;0.00686937
ITA;1990;5.5439982
JPN;1990;16.18499
KAZ;1990;2.5343888
KOR;1990;15.376557
LTU;1990;24.543411
LUX;1990;0.66460145
LVA;1990;15.375505
MAR;1990;4.359246
MEX;1990;7.22243
MYS;1990;4.9409094
NLD;1990;1.3717154
NOR;1990;72.44774
NZL;1990;41.426918
PAK;1990;16.927334
PER;1990;29.3326
POL;1990;0.36069712
ROU;1990;4.590245
RUS;1990;8.230436
SAU;1990;0
SVK;1990;15.989881
SVN;1990;31.615778
SWE;1990;60.6914
THA;1990;4.114763
TKM;1990;0.005840327
TUR;1990;12.219702
TWN;1990;19.296125
UKR;1990;7.739351
USA;1990;12.346356
UZB;1990;3.7738037
VEN;1990;18.11904
VNM;1990;20.584055
ZAF;1990;2.6183872
AUS;1991;4.740063
AUT;1991;27.587229
AZE;1991;2.0779731
BEL;1991;19.175282
BGD;1991;3.4776092
BGR;1991;16.961693
BLR;1991;0.011448725
CAN;1991;38.421528
CHE;1991;47.254543
CHN;1991;4.4247785
COL;1991;31.96542
CZE;1991;7.5646973
DEU;1991;11.495505
DNK;1991;1.4587733
DZA;1991;0.277607
ECU;1991;16.781822
EGY;1991;7.3963394
ESP;1991;21.705122
EST;1991;0
FIN;1991;33.361416
FRA;1991;39.54541
GBR;1991;8.425737
ARG;1991;13.302305
GRC;1991;3.1458595
BRA;1991;45.52199
CHL;1991;24.08466
HRV;1991;19.537254
OWID_WRL;1991;13.482825
HUN;1991;13.116209
IDN;1991;3.81247
IND;1991;9.662641
IRL;1991;1.8013103
IRN;1991;1.8835832
ISR;1991;0.013514588
ITA;1991;7.0200934
JPN;1991;17.014282
KAZ;1991;2.658034
KOR;1991;14.108464
LTU;1991;23.067211
LUX;1991;0.7338108
LVA;1991;12.153858
MAR;1991;4.3259
MEX;1991;7.0443044
MYS;1991;4.358415
NLD;1991;1.3369759
NOR;1991;71.440056
NZL;1991;40.412006
PAK;1991;17.06951
PER;1991;32.41311
POL;1991;0.37821314
ROU;1991;6.907993
RUS;1991;8.428769
SAU;1991;0
SVK;1991;16.801575
SVN;1991;35.615025
SWE;1991;63.48593
THA;1991;3.4345343
TKM;1991;0.005686854
TUR;1991;11.75268
TWN;1991;18.169094
UKR;1991;8.2753725
USA;1991;12.828554
UZB;1991;3.465093
VEN;1991;21.675652
VNM;1991;23.790989
ZAF;1991;3.1108956
AUS;1992;4.731717
AUT;1992;31.037298
AZE;1992;2.4099329
BEL;1992;19.515587
BGD;1992;3.0288854
BGR;1992;15.704719
BLR;1992;0.012468852
CAN;1992;37.832676
CHE;1992;47.487736
CHN;1992;4.4127026
COL;1992;24.941273
CZE;1992;8.059378
DEU;1992;12.759153
DNK;1992;2.0408638
DZA;1992;0.18375748
ECU;1992;16.528347
EGY;1992;7.3806868
ESP;1992;18.668533
EST;1992;0
FIN;1992;34.922516
FRA;1992;41.109207
GBR;1992;9.304894
GRC;1992;2.2052224
HRV;1992;15.994586
ARG;1992;13.798865
BRA;1992;46.04086
CHL;1992;28.355387
HUN;1992;13.891533
OWID_WRL;1992;13.4812565
IDN;1992;4.4085426
IND;1992;8.852425
IRL;1992;1.9758353
IRN;1992;2.7959177
ISR;1992;0.05597493
ITA;1992;7.082338
JPN;1992;16.501677
KAZ;1992;2.5510354
KOR;1992;12.471011
LTU;1992;32.466415
LUX;1992;0.6107495
LVA;1992;13.070239
MAR;1992;3.0396225
MEX;1992;7.852075
MYS;1992;3.7214782
NLD;1992;1.4881597
NOR;1992;71.865555
NZL;1992;37.46697
PAK;1992;17.80554
PER;1992;28.13108
POL;1992;0.42480853
ROU;1992;6.2837853
RUS;1992;8.884956
SAU;1992;0
SGP;1992;0.26192993
SVK;1992;17.349037
SVN;1992;32.96726
SWE;1992;62.38185
THA;1992;2.8927448
TKM;1992;0.00833675
TUR;1992;13.079588
TWN;1992;17.701279
UKR;1992;9.190745
USA;1992;12.328668
UZB;1992;3.806538
VEN;1992;21.255587
VNM;1992;24.912485
ZAF;1992;2.7826126
AUS;1993;4.7594285
AUT;1993;32.088062
AZE;1993;3.8572147
BEL;1993;19.095148
BGD;1993;2.104329
BGR;1993;17.189705
BLR;1993;0.0166659
CAN;1993;38.774628
CHE;1993;50.1286
CHN;1993;4.805984
COL;1993;28.616268
CZE;1993;8.442584
DEU;1993;12.495624
DNK;1993;2.3619852
DZA;1993;0.35028014
ECU;1993;18.627613
EGY;1993;7.595429
ESP;1993;20.80885
EST;1993;0
FIN;1993;34.713863
FRA;1993;43.634506
GBR;1993;10.514933
GRC;1993;2.2926166
HRV;1993;16.087374
HUN;1993;14.25962
ARG;1993;16.02163
BRA;1993;46.058407
CHL;1993;27.529266
IDN;1993;3.8476534
OWID_WRL;1993;14.012365
IND;1993;8.711294
IRL;1993;1.8359721
IRN;1993;3.4577887
ISR;1993;0.046211712
ITA;1993;7.147924
JPN;1993;18.507895
KAZ;1993;3.1845624
KOR;1993;11.902627
LTU;1993;35.15234
LUX;1993;0.6041136
LVA;1993;17.300793
MAR;1993;1.382297
MEX;1993;8.047504
MYS;1993;4.18968
NLD;1993;1.5572782
NOR;1993;71.17856
NZL;1993;40.20715
PAK;1993;17.541424
PER;1993;31.19632
POL;1993;0.40594903
ROU;1993;7.054651
RUS;1993;9.572058
SAU;1993;0
SGP;1993;0.23974904
SVK;1993;20.404024
SVN;1993;30.30344
SWE;1993;62.333824
THA;1993;2.2218084
TKM;1993;0.01208976
TUR;1993;15.372353
TWN;1993;15.887157
UKR;1993;11.096234
USA;1993;12.364702
UZB;1993;4.1460834
VEN;1993;21.57694
VNM;1993;24.039852
ZAF;1993;2.0500097
AUS;1994;4.527182
AUT;1994;31.296307
AZE;1994;3.1670034
BEL;1994;17.638441
BGD;1994;2.7616804
BGR;1994;18.836617
BLR;1994;0.019936152
CAN;1994;39.131744
CHE;1994;51.231426
CHN;1994;5.369144
COL;1994;30.40986
CZE;1994;9.055599
DEU;1994;12.589749
DNK;1994;2.1321414
DZA;1994;0.16257899
ECU;1994;19.351004
EGY;1994;7.6767826
ESP;1994;20.674896
EST;1994;0
FIN;1994;31.696642
FRA;1994;44.860226
GBR;1994;10.672816
GRC;1994;2.5512788
HRV;1994;18.960016
HUN;1994;14.275795
IDN;1994;3.5212233
ARG;1994;17.144554
BRA;1994;45.504173
CHL;1994;25.954521
IND;1994;9.176176
OWID_WRL;1994;14.029938
IRL;1994;2.120603
IRN;1994;2.021462
ISR;1994;0.03918334
ITA;1994;7.6455235
JPN;1994;17.00272
KAZ;1994;4.2346573
KOR;1994;10.781828
LTU;1994;26.290768
LUX;1994;0.77528113
LVA;1994;20.521252
MAR;1994;2.3779473
MEX;1994;6.1356316
MYS;1994;5.2703333
NLD;1994;1.628229
NOR;1994;69.03322
NZL;1994;41.244785
OMN;1994;0
PAK;1994;16.775982
PER;1994;31.000927
PHL;1994;15.579155
POL;1994;0.4881243
ROU;1994;7.641243
RUS;1994;9.804854
SAU;1994;0
SGP;1994;0.20962867
SVK;1994;23.50388
SVN;1994;32.598995
SWE;1994;60.410343
THA;1994;2.4183912
TKM;1994;0.009066777
TUR;1994;14.304977
TWN;1994;15.561951
UKR;1994;12.19452
USA;1994;12.285344
UZB;1994;4.109858
VEN;1994;21.46965
VNM;1994;24.972696
ZAF;1994;2.870189
AUS;1995;4.239725
AUT;1995;31.515926
AZE;1995;2.8640726
BEL;1995;17.764547
BGD;1995;1.0269947
BGR;1995;20.441683
BLR;1995;0.023589265
CAN;1995;38.040516
CHE;1995;51.163883
CHN;1995;5.905554
COL;1995;29.690346
CZE;1995;8.658679
DEU;1995;12.890035
DNK;1995;2.3133218
DZA;1995;0.18224756
ECU;1995;16.093632
EGY;1995;7.558946
ESP;1995;18.842426
EST;1995;0.030809937
FIN;1995;34.224365
FRA;1995;44.977955
GBR;1995;10.679225
GRC;1995;3.3267493
HKG;1995;0
HRV;1995;19.160814
HUN;1995;14.107273
IDN;1995;3.5392694
IND;1995;8.415953
ARG;1995;15.7267065
BRA;1995;45.10697
CHL;1995;26.028479
IRL;1995;1.6132627
OWID_WRL;1995;14.391136
IRN;1995;2.326306
ISR;1995;0.03786924
ITA;1995;6.312267
JPN;1995;18.291859
KAZ;1995;4.1522856
KOR;1995;11.33561
LTU;1995;35.12661
LUX;1995;0.9501822
LVA;1995;19.48626
MAR;1995;1.7634826
MEX;1995;8.619722
MYS;1995;4.6203046
NLD;1995;1.6255144
NOR;1995;70.81382
NZL;1995;42.02623
OMN;1995;0
PAK;1995;16.73844
PER;1995;29.034714
PHL;1995;13.860743
POL;1995;0.52282447
ROU;1995;8.897041
RUS;1995;10.436023
SAU;1995;0
SGP;1995;0.20108198
SVK;1995;22.35181
SVN;1995;31.110521
SWE;1995;62.477894
THA;1995;3.242116
TKM;1995;0.011015031
TUR;1995;14.924197
TWN;1995;14.770629
UKR;1995;12.409263
USA;1995;13.025415
UZB;1995;3.5991855
VEN;1995;20.915274
VNM;1995;24.608881
ZAF;1995;3.0094414
AUS;1996;4.236591
AUT;1996;28.95124
AZE;1996;3.449877
BEL;1996;17.467783
BGD;1996;1.9475645
BGR;1996;22.036705
BLR;1996;0.018399423
CAN;1996;38.403633
CHE;1996;47.49946
CHN;1996;5.516128
COL;1996;31.470236
CZE;1996;8.643803
DEU;1996;12.851331
DNK;1996;2.187726
DZA;1996;0.1288034
ECU;1996;17.381893
EGY;1996;7.3617535
ESP;1996;22.272806
EST;1996;0.02417878
FIN;1996;31.417072
FRA;1996;44.615746
GBR;1996;10.681777
GRC;1996;3.9930205
HKG;1996;0
HRV;1996;24.701183
HUN;1996;14.031773
IDN;1996;3.5088153
IND;1996;7.5632095
IRL;1996;1.6042329
ARG;1996;13.445457
BRA;1996;44.64007
CHL;1996;22.5519
IRN;1996;2.2645998
ISR;1996;0.035080772
OWID_WRL;1996;14.324227
ITA;1996;7.0418596
JPN;1996;18.362389
KAZ;1996;4.2072906
KOR;1996;11.246221
LTU;1996;37.748474
LUX;1996;0.6496766
LVA;1996;13.271263
MAR;1996;5.4025164
MEX;1996;8.989228
MYS;1996;3.450362
NLD;1996;1.7244614
NOR;1996;66.01417
NZL;1996;39.501213
OMN;1996;0
PAK;1996;16.97501
PER;1996;28.98498
PHL;1996;14.196915
POL;1996;0.5270424
PRT;1996;18.706312
ROU;1996;9.162137
RUS;1996;10.330556
SAU;1996;0
SGP;1996;0.1992702
SVK;1996;21.031197
SVN;1996;30.439493
SWE;1996;58.50823
THA;1996;3.1593456
TKM;1996;0.009452702
TUR;1996;15.543943
TWN;1996;15.040557
UKR;1996;14.577442
USA;1996;13.028134
UZB;1996;3.6788316
VEN;1996;22.462038
VNM;1996;24.35814
ZAF;1996;3.2904696
AUS;1997;4.14584
AUT;1997;29.96351
AZE;1997;4.0128255
BEL;1997;18.900806
BGD;1997;1.8034276
BGR;1997;22.749031
BLR;1997;0.023874052
CAN;1997;36.94579
CHE;1997;49.083054
CHN;1997;5.734295
COL;1997;27.651566
CZE;1997;8.796525
DEU;1997;13.72767
DNK;1997;3.3808842
DZA;1997;0.074455895
ECU;1997;16.071615
EGY;1997;7.2438493
ESP;1997;19.95217
EST;1997;0.03927203
FIN;1997;34.26124
FRA;1997;44.87764
GBR;1997;11.414352
GRC;1997;3.4682534
HKG;1997;0
HRV;1997;18.543142
HUN;1997;14.180471
IDN;1997;2.4772785
IND;1997;7.4497075
IRL;1997;1.6546531
IRN;1997;1.4810697
ISR;1997;0.03341767
ARG;1997;15.912051
BRA;1997;43.838768
CHL;1997;21.909548
ITA;1997;6.921144
OWID_WRL;1997;14.301761
JPN;1997;19.64846
KAZ;1997;4.3670907
KOR;1997;10.66637
LTU;1997;35.347973
LUX;1997;0.90258384
LVA;1997;20.91794
MAR;1997;5.5313864
MEX;1997;8.231412
MKD;1997;8.866941
MYS;1997;2.393924
NLD;1997;1.3200631
NOR;1997;66.316696
NZL;1997;35.65875
OMN;1997;0
PAK;1997;13.201102
PER;1997;29.360386
PHL;1997;12.726948
POL;1997;0.55044067
PRT;1997;16.634521
ROU;1997;12.827895
RUS;1997;11.033611
SAU;1997;0
SGP;1997;0.18945949
SVK;1997;20.951532
SVN;1997;29.251715
SWE;1997;62.78201
THA;1997;2.9763775
TUR;1997;14.665958
TWN;1997;13.8999195
UKR;1997;15.30688
USA;1997;12.522131
UZB;1997;3.2915208
VEN;1997;22.598196
VNM;1997;20.527615
ZAF;1997;3.649642
AUS;1998;4.037756
AUT;1998;30.441757
AZE;1998;4.5553145
BEL;1998;18.129604
BGD;1998;2.0371237
BGR;1998;23.088684
BLR;1998;0.032551832
CAN;1998;35.161274
CHE;1998;48.695683
CHN;1998;5.7914777
COL;1998;26.757204
CZE;1998;9.354208
DEU;1998;13.378138
DNK;1998;4.675769
DZA;1998;0.20617963
ECU;1998;15.920069
EGY;1998;7.1541777
ESP;1998;19.764359
EST;1998;0.06567057
FIN;1998;37.44149
FRA;1998;42.986088
GBR;1998;11.633208
GRC;1998;3.1564183
HKG;1998;0
HRV;1998;18.063107
HUN;1998;13.897599
IDN;1998;4.0149045
IND;1998;8.317193
IRL;1998;2.2191892
IRN;1998;1.7921339
ISR;1998;0.031755347
ITA;1998;6.806154
ARG;1998;14.55387
BRA;1998;44.010098
CHL;1998;18.059258
JPN;1998;20.391973
OWID_WRL;1998;14.411431
KAZ;1998;4.251628
KOR;1998;13.71928
LTU;1998;37.390423
LUX;1998;1.294618
LVA;1998;28.085598
MAR;1998;4.6007285
MEX;1998;7.411193
MKD;1998;9.439984
MYS;1998;2.660114
NLD;1998;1.8012743
NOR;1998;67.22086
NZL;1998;38.80477
OMN;1998;0
PAK;1998;15.9530325
PER;1998;29.655834
PHL;1998;13.3662195
POL;1998;0.6830108
PRT;1998;15.164005
ROU;1998;14.810383
RUS;1998;10.90538
SAU;1998;0
SGP;1998;0.1868752
SVK;1998;21.45281
SVN;1998;30.494448
SWE;1998;61.885677
THA;1998;2.3747954
TUR;1998;15.141609
TWN;1998;13.633016
UKR;1998;16.205406
USA;1998;12.5830765
UZB;1998;3.2868783
VEN;1998;21.551676
VNM;1998;18.064957
ZAF;1998;3.8467991
AUS;1999;4.008933
AUT;1999;32.248478
AZE;1999;3.5244212
BEL;1999;19.40948
BGD;1999;1.9397291
BGR;1999;24.39416
BLR;1999;0.022707757
CAN;1999;35.42059
CHE;1999;51.14623
CHN;1999;5.560829
COL;1999;31.315977
CZE;1999;10.143412
DEU;1999;14.39818
DNK;1999;5.389067
DZA;1999;0.1927434
ECU;1999;19.251896
EGY;1999;7.409151
ESP;1999;17.196512
EST;1999;0.09923625
FIN;1999;36.350315
FRA;1999;43.84901
GBR;1999;11.334201
GRC;1999;3.9640613
HKG;1999;0
HRV;1999;21.245943
HUN;1999;14.08054
IDN;1999;3.852458
IND;1999;8.142082
IRL;1999;2.0208225
IRN;1999;1.1498691
ISR;1999;0.040444113
ITA;1999;7.312841
JPN;1999;19.430681
ARG;1999;12.121369
BRA;1999;43.936626
CHL;1999;15.275814
KAZ;1999;4.455529
KOR;1999;14.36509
OWID_WRL;1999;14.504705
LTU;1999;33.25922
LUX;1999;1.0463189
LVA;1999;21.138712
MAR;1999;2.0588021
MEX;1999;8.924628
MKD;1999;12.636176
MYS;1999;4.2179785
NLD;1999;1.8878543
NOR;1999;68.73944
NZL;1999;35.58187
OMN;1999;0
PAK;1999;13.47102
PER;1999;30.457071
PHL;1999;17.44719
POL;1999;0.6465405
PRT;1999;9.102555
ROU;1999;16.343182
RUS;1999;11.5792465
SAU;1999;0
SGP;1999;0.1887619
SVK;1999;23.876404
SVN;1999;30.859545
SWE;1999;62.251705
THA;1999;1.6085247
TUR;1999;12.753752
TWN;1999;13.06459
UKR;1999;15.617665
USA;1999;12.960815
UZB;1999;2.8663545
VEN;1999;22.529486
VNM;1999;21.659023
ZAF;1999;3.3115938
AUS;2000;3.9888778
AUT;2000;32.955013
AZE;2000;3.4349427
BEL;2000;18.815794
BGD;2000;1.6270729
BGR;2000;27.348965
BLR;2000;0.031301863
CAN;2000;35.391804
CHE;2000;51.092148
CHN;2000;6.0593867
COL;2000;29.508314
CZE;2000;9.721938
DEU;2000;14.95426
DNK;2000;7.0956717
DZA;2000;0.053235486
ECU;2000;21.61393
EGY;2000;7.416067
ESP;2000;18.562708
EST;2000;0.34306446
FIN;2000;37.57814
FRA;2000;44.656082
GBR;2000;10.193275
GRC;2000;3.2847326
HRV;2000;19.766321
HUN;2000;14.590266
IDN;2000;3.7336404
IND;2000;7.576315
IRL;2000;2.034373
IRN;2000;0.8082891
ISR;2000;0.040315736
ITA;2000;7.155644
JPN;2000;19.333113
KAZ;2000;6.022824
KOR;2000;14.3086405
ARG;2000;14.791438
BRA;2000;43.17118
CHL;2000;19.783125
LTU;2000;31.899204
OWID_WRL;2000;14.4528
LUX;2000;1.3703701
LVA;2000;22.118181
MAR;2000;1.9685844
MEX;2000;8.286874
MKD;2000;11.215343
MYS;2000;3.6815305
NLD;2000;2.0304074
NOR;2000;72.398
NZL;2000;36.38399
PAK;2000;11.8989
PER;2000;32.80372
PHL;2000;18.224691
POL;2000;0.6828024
PRT;2000;13.07334
ROU;2000;14.079319
RUS;2000;11.870029
SVK;2000;27.69725
SVN;2000;31.884966
SWE;2000;64.0285
THA;2000;2.5746095
TUR;2000;10.657172
TWN;2000;12.369601
UKR;2000;15.945633
USA;2000;12.510066
UZB;2000;2.8995407
VEN;2000;22.723843
VNM;2000;20.092161
ZAF;2000;3.5198317
AUS;2001;3.870762
AUT;2001;30.816671
AZE;2001;3.004117
BEL;2001;18.181503
BGD;2001;1.8750032
BGR;2001;26.787922
BLR;2001;0.035543468
CAN;2001;34.212105
CHE;2001;51.217323
CHN;2001;7.0136123
COL;2001;29.830153
CZE;2001;10.263885
DEU;2001;14.827655
DNK;2001;7.4025145
DZA;2001;0.065218486
ECU;2001;19.692354
EGY;2001;7.225908
ESP;2001;20.407537
EST;2001;0.1589969
FIN;2001;35.32597
FRA;2001;45.144386
GBR;2001;10.518627
GRC;2001;2.296041
HRV;2001;20.779488
HUN;2001;14.113013
IDN;2001;4.112386
IND;2001;7.414814
IRL;2001;1.6607853
IRN;2001;0.8181908
ISR;2001;0.025859205
ITA;2001;7.6085052
JPN;2001;19.330158
KAZ;2001;5.7042646
KOR;2001;14.055532
LTU;2001;36.150475
ARG;2001;18.851881
BRA;2001;40.32103
CHL;2001;22.047363
LUX;2001;1.2522314
OWID_WRL;2001;14.264049
LVA;2001;20.512127
MAR;2001;2.4725895
MEX;2001;7.561595
MKD;2001;6.3362017
MYS;2001;3.1404243
NLD;2001;2.059483
NOR;2001;67.582146
NZL;2001;32.670124
PAK;2001;12.602668
PER;2001;35.784416
PHL;2001;16.728432
POL;2001;0.820305
PRT;2001;15.646872
ROU;2001;13.924411
RUS;2001;12.243681
SVK;2001;28.286716
SVN;2001;31.878025
SWE;2001;65.466156
THA;2001;2.5714478
TUR;2001;9.108515
TWN;2001;11.346192
UKR;2001;16.003687
USA;2001;12.225766
UZB;2001;2.938592
VEN;2001;20.884945
VNM;2001;22.102148
ZAF;2001;3.0763729
AUS;2002;3.9314501
AUT;2002;30.325117
AZE;2002;4.6939816
BEL;2002;18.56499
BGD;2002;1.4013934
BGR;2002;28.910398
BLR;2002;0.03299707
CAN;2002;34.23422
CHE;2002;50.068127
CHN;2002;6.798719
COL;2002;31.78181
CZE;2002;12.758459
DEU;2002;15.047561
DNK;2002;8.58695
DZA;2002;0.05167676
ECU;2002;21.095179
EGY;2002;6.795775
ESP;2002;17.374657
EST;2002;0.1850875
FIN;2002;33.298244
FRA;2002;45.471443
GBR;2002;10.638668
GRC;2002;2.7831924
HRV;2002;16.806644
HUN;2002;14.162515
IDN;2002;3.683814
IND;2002;7.134006
IRL;2002;2.2350235
IRN;2002;1.4433478
ISR;2002;0.09087057
ITA;2002;6.7783756
JPN;2002;18.916853
KAZ;2002;6.120414
KOR;2002;14.283207
LTU;2002;41.73864
LUX;2002;1.0301425
ARG;2002;18.739147
LVA;2002;17.687971
BRA;2002;41.829727
CHL;2002;22.87545
MAR;2002;2.324444
OWID_WRL;2002;14.20664
MEX;2002;6.8652377
MKD;2002;7.790694
MYS;2002;2.5936084
NLD;2002;2.2342243
NOR;2002;69.31575
NZL;2002;35.151485
PAK;2002;13.221514
PER;2002;35.718193
PHL;2002;16.287714
POL;2002;0.81965923
PRT;2002;9.748959
ROU;2002;14.11412
RUS;2002;11.927969
SVK;2002;29.226685
SVN;2002;31.157362
SWE;2002;62.236946
THA;2002;2.8180337
TUR;2002;11.535796
TWN;2002;11.310214
UKR;2002;15.876908
USA;2002;12.761002
UZB;2002;2.9276025
VEN;2002;20.203682
VNM;2002;20.06266
ZAF;2002;3.5883243
AUS;2003;4.0149684
AUT;2003;25.140518
AZE;2003;5.2657747
BEL;2003;17.79731
BGD;2003;1.3187346
BGR;2003;25.226665
BLR;2003;0.03189618
CAN;2003;32.757248
CHE;2003;50.1807
CHN;2003;6.063613
COL;2003;32.990623
CZE;2003;15.215675
DEU;2003;15.095839
DNK;2003;9.462797
DZA;2003;0.228104
ECU;2003;19.533443
EGY;2003;5.9376993
ESP;2003;19.847246
EST;2003;0.21935792
FIN;2003;30.723425
FRA;2003;44.989544
GBR;2003;10.482307
GRC;2003;4.2976427
HRV;2003;14.887468
HUN;2003;11.136251
IDN;2003;3.2210941
IND;2003;6.8849573
IRL;2003;1.8804967
IRN;2003;1.6837656
ISR;2003;0.10240715
ITA;2003;6.33908
JPN;2003;15.709221
KAZ;2003;5.382556
KOR;2003;15.130413
LTU;2003;43.13563
LUX;2003;0.91741097
LVA;2003;16.751476
MAR;2003;3.6562476
ARG;2003;17.408123
BRA;2003;43.201332
CHL;2003;22.010805
MEX;2003;6.1660333
OWID_WRL;2003;13.57295
MKD;2003;12.461908
MYS;2003;2.2531736
NLD;2003;2.2253366
NOR;2003;63.815647
NZL;2003;34.32088
PAK;2003;14.280449
PER;2003;36.943634
PHL;2003;16.08986
POL;2003;0.67546785
PRT;2003;17.057007
ROU;2003;11.811016
RUS;2003;11.692557
SVK;2003;27.355179
SVN;2003;29.24207
SWE;2003;58.398605
THA;2003;2.7227077
TUR;2003;11.330119
TWN;2003;10.711814
UKR;2003;15.919685
USA;2003;12.66102
UZB;2003;3.6696591
VEN;2003;21.840664
VNM;2003;19.297657
ZAF;2003;3.1434119
AUS;2004;4.03656
AUT;2004;27.633783
AZE;2004;5.1585817
BEL;2004;17.71652
BGD;2004;1.23592
BGR;2004;25.518063
BLR;2004;0.034378063
CAN;2004;33.414867
CHE;2004;49.39768
CHN;2004;6.3549356
COL;2004;33.021286
CZE;2004;15.398664
DEU;2004;16.037397
DNK;2004;11.729119
DZA;2004;0.2067869
ECU;2004;18.734915
EGY;2004;5.6346426
ESP;2004;18.381655
EST;2004;0.28923833
FIN;2004;35.59304
FRA;2004;45.05887
GBR;2004;9.826556
GRC;2004;4.2918515
HRV;2004;19.898252
HUN;2004;12.4149065
IDN;2004;3.425553
IND;2004;8.812809
IRL;2004;2.2461925
IRN;2004;1.8843321
ISR;2004;0.09668598
ITA;2004;7.220356
JPN;2004;17.92258
KAZ;2004;4.701576
KOR;2004;14.757578
LTU;2004;41.807003
LUX;2004;1.1120354
LVA;2004;20.242414
MAR;2004;3.472617
MEX;2004;6.472977
ARG;2004;15.107036
BRA;2004;42.914616
CHL;2004;19.43779
MKD;2004;13.524395
OWID_WRL;2004;13.6956
MYS;2004;2.3196447
NLD;2004;2.4738512
NOR;2004;64.23718
NZL;2004;38.005898
PAK;2004;13.74815
PER;2004;32.471977
PHL;2004;16.668634
POL;2004;0.89124244
PRT;2004;12.089571
ROU;2004;13.7624235
RUS;2004;12.079561
SVK;2004;27.430254
SVN;2004;32.028515
SWE;2004;62.59991
THA;2004;2.3133497
TUR;2004;13.691693
TWN;2004;10.416079
UKR;2004;17.315285
USA;2004;12.634693
UZB;2004;3.319612
VEN;2004;23.130436
VNM;2004;14.763953
ZAF;2004;3.0325518
AUS;2005;4.313553
AUT;2005;27.928648
AZE;2005;5.165004
BEL;2005;18.162628
BGD;2005;1.1360204
BGR;2005;26.962809
BLR;2005;0.03728526
CAN;2005;34.886208
CHE;2005;46.17685
CHN;2005;6.2482066
COL;2005;34.17347
CZE;2005;14.854158
DEU;2005;16.513674
DNK;2005;12.804132
DZA;2005;0.43411884
ECU;2005;16.596605
EGY;2005;5.385707
ESP;2005;15.798362
EST;2005;0.5010246
FIN;2005;37.553196
FRA;2005;44.721863
GBR;2005;10.19309
GRC;2005;4.6005774
HRV;2005;18.501064
HUN;2005;14.263126
IDN;2005;3.5263474
IND;2005;7.9523745
IRL;2005;2.8786287
IRN;2005;2.1426384
ISR;2005;0.11989294
ITA;2005;6.4335437
JPN;2005;17.646498
KAZ;2005;4.432412
KOR;2005;15.80326
LTU;2005;31.713646
LUX;2005;1.1679211
LVA;2005;20.919247
MAR;2005;2.0785131
MEX;2005;6.576249
MKD;2005;13.081477
ARG;2005;15.17902
BRA;2005;43.563324
CHL;2005;22.099463
MYS;2005;2.2862406
OWID_WRL;2005;13.530238
NLD;2005;3.0655951
NOR;2005;69.73479
NZL;2005;34.67214
PAK;2005;14.676173
PER;2005;32.167603
PHL;2005;16.01381
POL;2005;1.135477
PRT;2005;8.115613
ROU;2005;15.959939
RUS;2005;12.075988
SVK;2005;27.499195
SVN;2005;31.024712
SWE;2005;64.02314
THA;2005;2.2752101
TUR;2005;11.418584
TWN;2005;10.548877
UKR;2005;17.401876
USA;2005;12.624124
UZB;2005;3.4994836
VEN;2005;24.53366
VNM;2005;12.846748
ZAF;2005;2.7967079
AUS;2006;4.233413
AUT;2006;28.57241
AZE;2006;4.3662996
BEL;2006;18.006485
BGD;2006;1.0482597
BGR;2006;27.137774
BLR;2006;0.036015313
CAN;2006;34.660275
CHE;2006;47.44524
CHN;2006;6.227683
COL;2006;32.25097
CZE;2006;15.422816
DEU;2006;17.274755
DNK;2006;10.851151
DZA;2006;0.16327195
ECU;2006;16.251612
EGY;2006;5.1723156
ESP;2006;17.445164
EST;2006;0.6115338
FIN;2006;33.956642
FRA;2006;45.27794
GBR;2006;9.811752
GRC;2006;5.44987
HRV;2006;17.52409
HUN;2006;13.761328
IDN;2006;3.2312758
IND;2006;8.698924
IRL;2006;3.6557345
IRN;2006;2.500738
ISR;2006;0.069424756
ITA;2006;6.729988
JPN;2006;18.606081
KAZ;2006;4.047025
KOR;2006;15.658558
LTU;2006;28.001547
LUX;2006;1.3908709
LVA;2006;17.916225
MAR;2006;2.0145028
MEX;2006;6.747216
MKD;2006;14.140903
MYS;2006;2.3766863
ARG;2006;15.988201
NLD;2006;3.1845133
BRA;2006;43.816383
CHL;2006;22.957874
NOR;2006;66.73926
OWID_WRL;2006;13.542773
NZL;2006;34.872375
PAK;2006;13.648592
PER;2006;34.89119
PHL;2006;18.689098
POL;2006;1.2485813
PRT;2006;15.572564
ROU;2006;14.461167
RUS;2006;11.759963
SVK;2006;28.81902
SVN;2006;29.938883
SWE;2006;60.910683
THA;2006;2.9773154
TUR;2006;11.477366
TWN;2006;10.240509
UKR;2006;17.42883
USA;2006;13.153545
UZB;2006;3.1592808
VEN;2006;24.401985
VNM;2006;16.60724
ZAF;2006;2.7958062
AUS;2007;3.9767237
AUT;2007;30.966675
AZE;2007;4.4247346
BEL;2007;18.555157
BGD;2007;1.0219762
BGR;2007;20.617973
BLR;2007;0.049694058
CAN;2007;34.127686
CHE;2007;51.296776
CHN;2007;6.3915358
COL;2007;32.76647
CZE;2007;15.526436
DEU;2007;17.447811
DNK;2007;12.715507
DZA;2007;0.15990457
ECU;2007;19.557274
EGY;2007;5.363156
ESP;2007;17.160597
EST;2007;0.5969034
FIN;2007;35.57881
FRA;2007;45.473843
GBR;2007;8.9886055
GRC;2007;3.3446171
HRV;2007;12.393234
HUN;2007;15.449145
IDN;2007;3.3789184
IND;2007;8.774956
IRL;2007;4.1544456
IRN;2007;2.2706358
ISL;2007;74.30169
ISR;2007;0.06144392
ITA;2007;6.431969
JPN;2007;17.010036
KAZ;2007;3.8181744
KOR;2007;14.604941
LKA;2007;16.628572
LTU;2007;29.518768
LUX;2007;2.5581582
LVA;2007;17.48977
MAR;2007;2.0458596
MEX;2007;6.2871985
MKD;2007;8.6609
MYS;2007;2.1808863
NLD;2007;3.4464781
NOR;2007;69.298515
ARG;2007;12.8868475
BRA;2007;44.66832
CHL;2007;19.440195
NZL;2007;35.47433
OWID_WRL;2007;13.257151
PAK;2007;13.23358
PER;2007;31.920078
PHL;2007;16.6316
POL;2007;1.5623448
PRT;2007;16.143673
ROU;2007;14.774674
RUS;2007;11.883883
SVK;2007;27.304571
SVN;2007;29.463095
SWE;2007;62.57959
THA;2007;2.963948
TUR;2007;8.791742
TWN;2007;10.096925
UKR;2007;17.356388
USA;2007;12.883631
UZB;2007;3.2355342
VEN;2007;23.413424
VNM;2007;17.202272
ZAF;2007;3.014176
AUS;2008;3.681326
AUT;2008;31.329908
AZE;2008;4.1157107
BEL;2008;17.604237
BGD;2008;1.2238175
BGR;2008;22.083263
BLR;2008;0.10043772
CAN;2008;35.23629
CHE;2008;49.85682
CHN;2008;7.977479
COL;2008;32.606388
CZE;2008;16.336832
DEU;2008;18.013683
DNK;2008;13.080417
DZA;2008;0.1877543
ECU;2008;22.617527
EGY;2008;5.4142365
ESP;2008;18.803509
EST;2008;0.9151515
FIN;2008;39.296864
FRA;2008;46.081684
GBR;2008;8.440094
GRC;2008;4.1339064
HKG;2008;0.000801729
HRV;2008;15.262363
HUN;2008;16.747751
IDN;2008;3.5872288
IND;2008;7.9943166
IRL;2008;5.4890666
IRN;2008;0.9233144
ISR;2008;0.07045462
ITA;2008;8.19532
JPN;2008;16.01008
KAZ;2008;3.2849114
KOR;2008;15.086928
LTU;2008;29.968887
LUX;2008;2.6651092
LVA;2008;19.600128
MAR;2008;1.8940095
MEX;2008;7.4352345
MKD;2008;7.4381294
MYS;2008;2.6779194
NLD;2008;3.9404101
NOR;2008;70.05707
NZL;2008;34.490803
ARG;2008;12.720229
BRA;2008;43.913494
CHL;2008;21.59478
PAK;2008;11.200484
OWID_WRL;2008;13.640258
PER;2008;28.833765
PHL;2008;17.639956
POL;2008;2.207611
PRT;2008;15.146783
ROU;2008;17.663965
RUS;2008;11.423729
SVK;2008;27.755741
SVN;2008;31.422346
SWE;2008;63.91666
THA;2008;3.01866
TUR;2008;8.226641
TWN;2008;10.37388
UKR;2008;17.641956
USA;2008;13.670832
UZB;2008;2.328988
VEN;2008;24.75938
VNM;2008;16.009518
ZAF;2008;2.7924592
AUS;2009;3.9202657
AUT;2009;34.31661
AZE;2009;4.931007
BEL;2009;20.233507
BGD;2009;0.5128985
BGR;2009;25.385088
BLR;2009;0.1969071
CAN;2009;35.659748
CHE;2009;49.463707
CHN;2009;7.6267467
COL;2009;29.99507
CZE;2009;18.04391
DEU;2009;18.247976
DNK;2009;13.767348
DZA;2009;0.21278548
ECU;2009;18.929247
EGY;2009;4.8005958
ESP;2009;21.155205
EST;2009;2.8210127
FIN;2009;37.677
FRA;2009;45.44017
GBR;2009;11.16887
GRC;2009;5.996017
HKG;2009;0.000993722
HRV;2009;19.716614
HUN;2009;19.18269
IDN;2009;3.6719904
IND;2009;7.2444334
IRL;2009;7.0551596
IRN;2009;0.8159316
ISR;2009;0.15350355
ITA;2009;10.585501
JPN;2009;18.304747
KAZ;2009;3.3547347
KOR;2009;14.654907
LTU;2009;35.13439
LUX;2009;2.6304793
LVA;2009;22.801994
MAR;2009;4.7016606
MEX;2009;5.961068
MKD;2009;11.347282
MYS;2009;2.6289935
NLD;2009;4.485137
NOR;2009;67.99751
NZL;2009;37.970173
PAK;2009;11.810103
ARG;2009;14.370073
BRA;2009;46.731262
CHL;2009;22.96064
PER;2009;29.686222
OWID_WRL;2009;13.936393
PHL;2009;17.198595
POL;2009;3.0658216
PRT;2009;18.84937
ROU;2009;19.42055
RUS;2009;12.31329
SVK;2009;27.373075
SVN;2009;34.131214
SWE;2009;63.009052
THA;2009;3.1563349
TUR;2009;8.929815
TWN;2009;10.668283
UKR;2009;19.249342
USA;2009;14.776139
UZB;2009;3.4478517
VEN;2009;24.415695
VNM;2009;17.948017
ZAF;2009;2.7702699
AUS;2010;4.312805
AUT;2010;31.5994
AZE;2010;7.419545
BEL;2010;19.889294
BGD;2010;0.8643462
BGR;2010;26.888102
BLR;2010;0.2567777
CAN;2010;34.198296
CHE;2010;50.11173
CHN;2010;8.300759
COL;2010;28.606323
CZE;2010;18.406664
DEU;2010;18.523355
DNK;2010;16.116894
DZA;2010;0.11513415
ECU;2010;15.955793
EGY;2010;4.4617195
ESP;2010;26.340145
EST;2010;4.5133157
FIN;2010;36.062664
FRA;2010;46.29363
GBR;2010;10.340198
GRC;2010;8.131609
HKG;2010;0.05381598
HRV;2010;23.851255
HUN;2010;19.190865
IDN;2010;4.4025664
IND;2010;7.5939236
IRL;2010;6.468354
IRN;2010;1.1958569
ISR;2010;0.22978613
ITA;2010;11.430808
JPN;2010;18.9045
KAZ;2010;3.624057
KOR;2010;13.693108
LTU;2010;4.7345157
LUX;2010;2.5002356
LVA;2010;20.99727
MAR;2010;5.875152
MEX;2010;6.7668595
MKD;2010;19.774769
MYS;2010;2.3300166
NLD;2010;4.0394363
NOR;2010;65.7384
NZL;2010;38.803276
PAK;2010;12.088612
PER;2010;26.664782
ARG;2010;13.822569
BRA;2010;45.072945
CHL;2010;19.835663
PHL;2010;14.875531
OWID_WRL;2010;14.02646
POL;2010;3.4536798
PRT;2010;27.39321
ROU;2010;22.228735
RUS;2010;11.740083
SVK;2010;27.591356
SVN;2010;33.31284
SWE;2010;63.210236
THA;2010;2.9042287
TTO;2010;0.005231401
TUR;2010;12.285738
TWN;2010;10.080623
UKR;2010;19.250893
USA;2010;14.558342
UZB;2010;4.280572
VEN;2010;22.48446
VNM;2010;14.7117405
ZAF;2010;2.788848
AUS;2011;5.688442
AUT;2011;30.510199
AZE;2011;5.0353055
BEL;2011;21.971338
BGD;2011;0.95213187
BGR;2011;24.144741
BLR;2011;0.24898136
CAN;2011;34.96656
CHE;2011;49.92356
CHN;2011;7.820168
COL;2011;32.644135
CZE;2011;19.824572
DEU;2011;18.26981
DNK;2011;19.853529
DZA;2011;0.23525994
ECU;2011;19.212603
EGY;2011;4.3315444
ESP;2011;24.583025
EST;2011;5.0025625
FIN;2011;38.607655
FRA;2011;47.847885
GBR;2011;12.717207
GRC;2011;6.3986807
HKG;2011;0.13770953
HRV;2011;15.510488
HUN;2011;19.16413
IDN;2011;3.4787219
IND;2011;8.870072
IRL;2011;9.50042
IRN;2011;1.2023624
ISR;2011;0.36799976
ITA;2011;12.443046
JPN;2011;13.484619
KAZ;2011;3.1190948
KOR;2011;13.63315
LTU;2011;5.3377385
LUX;2011;2.5544233
LVA;2011;19.912294
MAR;2011;3.6347337
MEX;2011;6.865953
MKD;2011;11.624276
MYS;2011;2.8877702
NLD;2011;4.645456
NOR;2011;66.57195
NZL;2011;39.607872
PAK;2011;12.820682
PER;2011;25.767502
PHL;2011;16.142355
ARG;2011;12.777892
BRA;2011;45.192383
CHL;2011;18.481121
POL;2011;4.0425887
PRT;2011;24.511286
OWID_WRL;2011;13.847883
ROU;2011;19.172226
RUS;2011;11.250788
SVK;2011;28.46719
SVN;2011;32.899265
SWE;2011;65.91265
THA;2011;3.5747106
TTO;2011;0.005294507
TUR;2011;11.92737
TWN;2011;10.2453575
UKR;2011;18.298159
USA;2011;15.45642
UZB;2011;2.8236873
VEN;2011;23.65197
VNM;2011;19.027449
ZAF;2011;3.0943701
AUS;2012;5.688193
AUT;2012;35.894623
AZE;2012;3.3029988
BEL;2012;20.627127
BGD;2012;0.8133145
BGR;2012;26.746008
BLR;2012;0.26323506
CAN;2012;35.349712
CHE;2012;51.099987
CHN;2012;9.314527
COL;2012;30.217394
CZE;2012;21.347332
DEU;2012;18.85611
DNK;2012;22.671543
DZA;2012;0.22453195
ECU;2012;19.8579
EGY;2012;4.18029
ESP;2012;25.584332
EST;2012;6.1865497
FIN;2012;42.87004
FRA;2012;47.927074
GBR;2012;13.252018
GRC;2012;8.401619
HKG;2012;0.061687157
HRV;2012;16.895237
HUN;2012;20.44679
IDN;2012;3.5759468
IND;2012;8.085494
IRL;2012;9.308356
IRN;2012;1.5226347
ISR;2012;0.5259034
ITA;2012;14.165738
JPN;2012;6.545797
KAZ;2012;2.8572173
KOR;2012;13.068792
LTU;2012;5.8947334
LUX;2012;2.9861996
LVA;2012;25.260374
MAR;2012;3.1035633
MEX;2012;6.2674856
MKD;2012;9.057919
MYS;2012;3.0349357
NLD;2012;4.7294273
NOR;2012;70.37011
NZL;2012;36.963947
PAK;2012;5.3564196
PER;2012;25.90535
PHL;2012;16.418247
POL;2012;5.2285085
PRT;2012;21.701546
ARG;2012;11.961745
BRA;2012;42.944187
CHL;2012;18.747072
ROU;2012;18.630856
OWID_WRL;2012;13.853194
RUS;2012;11.277381
SVK;2012;30.172613
SVN;2012;33.18197
SWE;2012;69.13033
THA;2012;3.8904219
TTO;2012;0.005345583
TUR;2012;12.581578
TWN;2012;10.310872
UKR;2012;18.574541
USA;2012;15.3931055
UZB;2012;3.2086465
VEN;2012;22.079144
VNM;2012;23.4617
ZAF;2012;2.7520022
AUS;2013;6.5121694
AUT;2013;35.275146
AZE;2013;2.7653382
BEL;2013;21.34844
BGD;2013;0.768418
BGR;2013;28.885094
BLR;2013;0.3147603
CAN;2013;35.69833
CHE;2013;50.038666
CHN;2013;9.819577
COL;2013;27.414104
CZE;2013;22.620626
DEU;2013;18.640593
DNK;2013;23.113413
DZA;2013;0.06476319
ECU;2013;17.394707
EGY;2013;4.177184
ESP;2013;29.262796
EST;2013;4.8759193
FIN;2013;40.82814
FRA;2013;48.38952
GBR;2013;14.757442
GRC;2013;12.436178
HKG;2013;0.08599804
HRV;2013;26.756195
HUN;2013;21.100122
IDN;2013;4.45611
IND;2013;8.668154
IRL;2013;10.137973
IRN;2013;1.9504379
ISR;2013;0.61449736
ITA;2013;17.610695
JPN;2013;6.8713756
KAZ;2013;2.8628845
KOR;2013;12.243634
LTU;2013;7.896079
LUX;2013;3.662436
LVA;2013;22.860985
MAR;2013;5.0947366
MEX;2013;6.2457623
MKD;2013;14.399767
MYS;2013;3.5195735
NLD;2013;4.4526076
NOR;2013;67.78259
NZL;2013;36.98205
PAK;2013;13.005525
PER;2013;26.089096
PHL;2013;14.806336
POL;2013;5.170563
PRT;2013;29.105732
ROU;2013;23.662155
ARG;2013;12.594494
BRA;2013;41.090595
CHL;2013;18.79665
RUS;2013;11.7794285
OWID_WRL;2013;14.218884
SVK;2013;30.854008
SVN;2013;35.35165
SWE;2013;67.38797
THA;2013;3.98071
TTO;2013;0.005216589
TUR;2013;13.619627
TWN;2013;10.321468
UKR;2013;18.936481
USA;2013;15.5773325
UZB;2013;3.1335287
VEN;2013;21.720543
VNM;2013;23.955326
ZAF;2013;2.9903314
AUS;2014;5.9665823
AUT;2014;36.64313
AZE;2014;2.4241152
BEL;2014;19.61335
BGD;2014;0.6303479
BGR;2014;29.603085
BLR;2014;0.3043164
CAN;2014;35.108894
CHE;2014;53.34264
CHN;2014;11.225777
COL;2014;26.4035
CZE;2014;22.841797
DEU;2014;20.140293
DNK;2014;26.705221
DZA;2014;0.11750259
ECU;2014;17.304941
EGY;2014;4.1816525
ESP;2014;29.665375
EST;2014;5.82325
FIN;2014;43.415627
FRA;2014;51.00104
GBR;2014;16.293066
GRC;2014;11.320253
HKG;2014;0.07251783
HRV;2014;28.475935
HUN;2014;22.000332
IDN;2014;4.6063786
IND;2014;8.6589985
IRL;2014;11.478303
IRN;2014;1.8342587
ISR;2014;1.0519477
ITA;2014;19.739758
JPN;2014;6.998991
KAZ;2014;2.9003732
KOR;2014;13.672537
LTU;2014;8.227861
LUX;2014;4.3592978
LVA;2014;19.858122
MAR;2014;4.4455295
MEX;2014;7.6135764
MKD;2014;12.526186
MYS;2014;3.8796122
NLD;2014;4.8333406
NOR;2014;69.14574
NZL;2014;37.56255
PAK;2014;13.060991
PER;2014;25.83989
PHL;2014;13.993934
POL;2014;6.0559654
PRT;2014;30.292532
ROU;2014;26.27935
RUS;2014;11.68843
ARG;2014;12.501876
BRA;2014;39.964443
CHL;2014;20.39204
SVK;2014;32.813473
OWID_WRL;2014;14.607744
SVN;2014;42.298573
SWE;2014;68.36714
THA;2014;4.3889365
TTO;2014;0.005784439
TUR;2014;9.878768
TWN;2014;9.948926
UKR;2014;21.339785
USA;2014;15.654167
UZB;2014;2.971866
VEN;2014;22.201662
VNM;2014;23.182652
ZAF;2014;3.3297665
AUS;2015;6.2821994
AUT;2015;35.00307
AZE;2015;2.7468376
BEL;2015;17.058172
BGD;2015;0.7730467
BGR;2015;28.99189
BLR;2015;0.3573981
CAN;2015;35.29122
CHE;2015;51.21777
CHN;2015;12.093473
COL;2015;27.78511
CZE;2015;21.368202
DEU;2015;21.151917
DNK;2015;28.598318
DZA;2015;0.09681336
ECU;2015;19.689713
EGY;2015;4.328854
ESP;2015;26.910385
EST;2015;6.9001513
FIN;2015;46.525658
FRA;2015;50.311863
GBR;2015;18.970213
GRC;2015;13.459677
HKG;2015;0.08488142
HRV;2015;22.67194
HUN;2015;20.997887
IDN;2015;3.9189403
IND;2015;8.531912
IRL;2015;13.121304
IRN;2015;1.6447008
ISR;2015;1.3504988
ITA;2015;17.510365
JPN;2015;8.364144
KAZ;2015;3.9617755
KOR;2015;14.19874
LTU;2015;8.652507
LUX;2015;5.030449
LVA;2015;19.562021
MAR;2015;5.377317
MEX;2015;7.2490015
MKD;2015;18.57748
MYS;2015;4.0505075
NLD;2015;5.1823473
NOR;2015;69.147736
NZL;2015;38.14184
PAK;2015;12.538178
PER;2015;25.960857
PHL;2015;13.524707
POL;2015;6.561511
PRT;2015;24.459372
ROU;2015;26.86198
RUS;2015;12.106256
SVK;2015;31.679123
ARG;2015;12.7179365
BRA;2015;41.11646
CHL;2015;21.905157
SVN;2015;35.81753
SWE;2015;69.75658
OWID_WRL;2015;14.884314
THA;2015;4.3159814
TTO;2015;0.006761992
TUR;2015;14.110687
TWN;2015;8.84639
UKR;2015;24.520107
USA;2015;15.890926
UZB;2015;3.013055
VEN;2015;20.805847
VNM;2015;18.646856
ZAF;2015;3.5884633
AUS;2016;7.1855173
AUT;2016;35.69875
AZE;2016;3.331108
BEL;2016;22.241457
BGD;2016;0.7727132
BGR;2016;28.825388
BLR;2016;0.42177868
CAN;2016;36.202087
CHE;2016;49.890896
CHN;2016;13.278741
COL;2016;25.639427
CZE;2016;20.034657
DEU;2016;20.31762
DNK;2016;27.45463
DZA;2016;0.14580713
ECU;2016;23.698437
EGY;2016;4.131468
ESP;2016;28.08074
EST;2016;6.731134
FIN;2016;44.53581
FRA;2016;48.378597
GBR;2016;19.225449
GRC;2016;13.662956
HKG;2016;0.102308966
HRV;2016;23.881334
HUN;2016;20.817377
IDN;2016;5.699784
IND;2016;8.27244
IRL;2016;11.98436
IRN;2016;2.0292344
ISR;2016;1.8407775
ITA;2016;17.231768
JPN;2016;8.938181
KAZ;2016;4.44766
KOR;2016;13.736086
LTU;2016;9.965918
LUX;2016;5.4342875
LVA;2016;22.235506
MAR;2016;5.5828094
MEX;2016;7.1158977
MKD;2016;18.148567
MYS;2016;5.2339373
NLD;2016;5.292908
NOR;2016;70.526054
NZL;2016;38.975163
PAK;2016;12.543639
PER;2016;24.635092
PHL;2016;13.009485
POL;2016;6.0504937
PRT;2016;29.276424
ROU;2016;27.270899
RUS;2016;12.387833
SVK;2016;31.518919
SVN;2016;35.74344
SWE;2016;68.34475
ARG;2016;12.31635
BRA;2016;44.165867
CHL;2016;20.180143
THA;2016;4.72746
TTO;2016;0.007576387
OWID_WRL;2016;15.32597
TUR;2016;14.547007
TWN;2016;8.268468
UKR;2016;22.212666
USA;2016;16.75473
UZB;2016;3.568016
VEN;2016;20.002008
VNM;2016;19.181913
ZAF;2016;4.178922
AUS;2017;6.7429633
AUT;2017;34.537975
AZE;2017;3.0345747
BEL;2017;22.121187
BGD;2017;0.85236263
BGR;2017;26.63935
BLR;2017;0.7627388
CAN;2017;36.132683
CHE;2017;49.024372
CHN;2017;14.020756
COL;2017;30.291828
CZE;2017;21.252264
DEU;2017;21.253159
DNK;2017;32.161762
DZA;2017;0.24701828
ECU;2017;28.488995
EGY;2017;3.8699899
ESP;2017;24.91084
EST;2017;7.1341367
FIN;2017;46.300705
FRA;2017;47.446007
GBR;2017;20.887016
GRC;2017;12.053656
HKG;2017;0.1141411
HRV;2017;20.280275
HUN;2017;19.832886
IDN;2017;5.550623
IND;2017;8.716965
IRL;2017;14.194337
IRN;2017;2.1693943
IRQ;2017;0.9941117
ISR;2017;1.8379426
ITA;2017;16.370815
JPN;2017;10.142102
KAZ;2017;3.990229
KOR;2017;12.83264
LTU;2017;11.260349
LUX;2017;6.6963987
LVA;2017;30.942255
MAR;2017;5.275795
MEX;2017;7.3266783
MKD;2017;11.817234
MYS;2017;6.66239
NLD;2017;5.837939
NOR;2017;70.311775
NZL;2017;37.033337
PAK;2017;11.794717
PER;2017;28.8025
PHL;2017;12.526378
POL;2017;6.190997
PRT;2017;21.441805
ROU;2017;25.05844
RUS;2017;12.473295
SVK;2017;30.060268
SVN;2017;35.05303
SWE;2017;69.66473
THA;2017;5.4587784
TTO;2017;0.007098068
ARG;2017;12.547355
BRA;2017;43.811283
CHL;2017;22.318325
TUR;2017;13.240314
OWID_WRL;2017;15.6531725
TWN;2017;6.4267406
UKR;2017;25.435728
USA;2017;17.462856
UZB;2017;3.9723732
VEN;2017;21.940296
VNM;2017;24.208345
ZAF;2017;4.7483196
AUS;2018;8.278479
AUT;2018;34.527843
AZE;2018;3.0657055
BEL;2018;17.703709
BGD;2018;0.706803
BGR;2018;31.298117
BLR;2018;0.6259269
CAN;2018;35.12247
CHE;2018;51.802402
CHN;2018;14.811208
COL;2018;29.727283
CZE;2018;21.894361
DEU;2018;22.21922
DNK;2018;30.937922
DZA;2018;0.28842947
ECU;2018;27.486797
EGY;2018;4.0817986
ESP;2018;26.878878
EST;2018;8.032572
FIN;2018;46.06942
FRA;2018;49.59968
GBR;2018;21.850895
GRC;2018;13.840935
HKG;2018;0.123472884
HRV;2018;27.056107
HUN;2018;19.686523
IDN;2018;7.8509026
IND;2018;9.160233
IRL;2018;15.684064
IRN;2018;1.4950426
IRQ;2018;0.9600835
ISR;2018;1.9963728
ITA;2018;17.727497
JPN;2018;11.7921915
KAZ;2018;3.5928986
KOR;2018;11.973716
LTU;2018;10.192717
LUX;2018;7.1412535
LVA;2018;23.44276
MAR;2018;7.0946255
MEX;2018;8.129949
MKD;2018;17.79144
MYS;2018;6.6719
NLD;2018;6.619335
NOR;2018;69.60095
NZL;2018;38.037117
PAK;2018;11.757548
PER;2018;29.431831
PHL;2018;12.231396
POL;2018;5.850796
PRT;2018;26.87804
ROU;2018;25.68698
RUS;2018;12.184147
SVK;2018;29.076523
SVN;2018;35.78343
SWE;2018;70.09305
THA;2018;6.5580673
TTO;2018;0.007455219
TUR;2018;14.940921
ARG;2018;13.104081
BRA;2018;46.57293
CHL;2018;24.333767
TWN;2018;7.3115206
OWID_WRL;2018;16.013597
UKR;2018;24.63582
USA;2018;17.022757
UZB;2018;2.9271045
VEN;2018;24.067268
VNM;2018;20.761816
ZAF;2018;4.480698
AUS;2019;8.873599
AUT;2019;35.54422
AZE;2019;2.6910236
BEL;2019;22.987614
BGD;2019;0.6336403
BGR;2019;30.568886
BLR;2019;0.76101774
CAN;2019;34.93928
CHE;2019;52.800148
CHN;2019;15.632977
COL;2019;28.663414
CZE;2019;22.951702
DEU;2019;23.9526
DNK;2019;34.80717
DZA;2019;0.29497427
ECU;2019;31.76705
EGY;2019;5.169897
ESP;2019;26.638874
EST;2019;10.685646
FIN;2019;47.791584
FRA;2019;49.22784
GBR;2019;22.635
GRC;2019;14.173362
HKG;2019;0.15655947
HRV;2019;24.222437
HUN;2019;20.784164
IDN;2019;8.365575
IND;2019;10.2422495
IRL;2019;18.01682
IRN;2019;3.3384793
IRQ;2019;2.1947129
ISR;2019;3.0677214
ITA;2019;17.864973
JPN;2019;12.899484
KAZ;2019;3.5938017
KOR;2019;13.353923
LTU;2019;11.211691
LUX;2019;7.9173098
LVA;2019;20.844694
MAR;2019;7.536463
MEX;2019;8.174997
MKD;2019;11.507933
MYS;2019;6.7628555
NLD;2019;7.944528
NOR;2019;68.11027
NZL;2019;36.742664
PAK;2019;13.292276
PER;2019;29.230959
PHL;2019;11.298128
POL;2019;6.989287
PRT;2019;26.377306
ROU;2019;25.315464
RUS;2019;12.502824
SVK;2019;31.853455
SVN;2019;36.538246
SWE;2019;69.576935
THA;2019;7.14968
TTO;2019;0.007824987
TUR;2019;19.349861
TWN;2019;8.798216
ARG;2019;14.213793
UKR;2019;25.317188
BRA;2019;47.96302
CHL;2019;23.463417
USA;2019;17.423882
OWID_WRL;2019;16.583149
UZB;2019;3.1971161
VEN;2019;26.934126
VNM;2019;15.891136
ZAF;2019;4.585391
AUS;2020;10.834546
AUT;2020;38.186146
AZE;2020;1.9140551
BEL;2020;23.931915
BGD;2020;0.6318109
BGR;2020;32.983704
BLR;2020;1.3419327
CAN;2020;37.28931
CHE;2020;55.63272
CHN;2020;16.28526
COL;2020;29.010368
CZE;2020;24.860222
DEU;2020;25.804674
DNK;2020;39.665318
DZA;2020;0.30043116
ECU;2020;36.084644
EGY;2020;6.564383
ESP;2020;32.30969
EST;2020;15.223135
FIN;2020;52.013443
FRA;2020;50.99431
GBR;2020;26.39663
GRC;2020;17.60325
HKG;2020;0.3168515
HRV;2020;26.004786
HUN;2020;21.981966
IDN;2020;10.509455
IND;2020;11.13902
IRL;2020;21.512913
IRN;2020;2.4109805
ISR;2020;4.247397
ITA;2020;20.03473
JPN;2020;13.5404825
KAZ;2020;4.171065
KOR;2020;15.38554
LTU;2020;11.799221
LUX;2020;10.880759
LVA;2020;26.028193
MAR;2020;7.6258807
MEX;2020;10.3740635
MKD;2020;14.431223
MYS;2020;7.642008
NLD;2020;11.181961
NOR;2020;71.872536
NZL;2020;39.00038
PAK;2020;14.341721
PER;2020;33.69096
PHL;2020;12.006867
POL;2020;7.769742
PRT;2020;31.708536
ROU;2020;26.763618
RUS;2020;13.798109
SVK;2020;32.935352
SVN;2020;41.24567
SWE;2020;71.45022
THA;2020;7.161942
TTO;2020;0.008875872
TUR;2020;19.063711
TWN;2020;8.84075
UKR;2020;25.866266
USA;2020;19.044956
ARG;2020;15.210581
BRA;2020;49.73668
CHL;2020;25.859335
UZB;2020;2.4724567
OWID_WRL;2020;17.737514
VEN;2020;34.953274
VNM;2020;18.62855
ZAF;2020;4.525839
AUS;2021;12.895153
AUT;2021;36.084133
AZE;2021;2.0616357
BEL;2021;26.657352
BGD;2021;0.6982034
BGR;2021;32.37981
BLR;2021;5.669104
CAN;2021;36.2481
CHE;2021;52.978004
CHN;2021;17.218676
COL;2021;31.01171
CZE;2021;24.019878
DEU;2021;23.939047
DNK;2021;40.553944
DZA;2021;0.25449628
ECU;2021;32.358585
EGY;2021;6.1472235
ESP;2021;31.804523
EST;2021;14.843358
FIN;2021;54.21275
FRA;2021;50.04819
GBR;2021;23.703312
GRC;2021;20.097876
HKG;2021;0.31282043
HRV;2021;29.736883
HUN;2021;22.120047
IDN;2021;11.139235
IND;2021;10.8042145
IRL;2021;18.401402
IRN;2021;1.5611148
ISR;2021;5.197495
ITA;2021;18.163124
JPN;2021;14.915517
KAZ;2021;4.042608
KOR;2021;14.9779215
LTU;2021;12.441872
LUX;2021;10.161169
LVA;2021;25.439962
MAR;2021;7.553371
MEX;2021;11.168653
MKD;2021;15.228883
MYS;2021;8.161202
NLD;2021;12.910872
NOR;2021;72.297134
NZL;2021;40.13634
PAK;2021;13.931314
PER;2021;30.908962
PHL;2021;12.526743
POL;2021;7.8930745
PRT;2021;33.323704
ROU;2021;26.412868
RUS;2021;13.00748
SVK;2021;30.811522
SVN;2021;39.05722
SWE;2021;73.17985
THA;2021;7.2083106
TTO;2021;0.008597386
TUR;2021;16.45341
TWN;2021;8.086329
UKR;2021;29.286963
USA;2021;18.44939
UZB;2021;2.3471544
ARG;2021;13.89489
BRA;2021;45.948105
CHL;2021;24.355661
VEN;2021;30.440966
OWID_WRL;2021;17.693108
VNM;2021;22.623459
ZAF;2021;5.688755
AUS;2022;14.454731
AUT;2022;36.607925
AZE;2022;2.5034385
BEL;2022;26.75972
BGD;2022;0.7543987
BGR;2022;30.389318
BLR;2022;4.948324
CAN;2022;36.139645
CHE;2022;52.91246
CHN;2022;18.379875
COL;2022;30.853983
CZE;2022;24.141117
DEU;2022;23.798971
DNK;2022;43.043022
DZA;2022;0.2927589
ECU;2022;30.134436
EGY;2022;5.651781
ESP;2022;30.204054
EST;2022;15.2651
FIN;2022;57.825462
FRA;2022;46.267143
GBR;2022;25.213627
GRC;2022;19.891735
HKG;2022;0.38217172
HRV;2022;26.92303
HUN;2022;24.004591
IDN;2022;10.204954
IND;2022;11.543422
IRL;2022;20.13166
IRN;2022;1.2167524
ISR;2022;6.465607
ITA;2022;16.598764
JPN;2022;15.127815
KAZ;2022;4.03933
KOR;2022;16.791805
LTU;2022;12.488818
LUX;2022;10.850782
LVA;2022;26.908577
MAR;2022;7.263463
MEX;2022;10.075467
MKD;2022;13.73907
MYS;2022;8.150381
NLD;2022;15.435532
NOR;2022;71.628395
NZL;2022;43.069603
PAK;2022;16.4327
PER;2022;27.61327
PHL;2022;12.511821
POL;2022;9.370145
PRT;2022;28.967491
ROU;2022;25.794762
RUS;2022;13.683644
SVK;2022;31.098017
SVN;2022;34.78444
SWE;2022;73.709915
THA;2022;7.3274584
TTO;2022;0.008836989
TUR;2022;18.845089
TWN;2022;8.884109
UKR;2022;31.416222
USA;2022;18.942993
UZB;2022;2.445178
VEN;2022;28.314623
ARG;2022;14.681846
VNM;2022;26.753923
BRA;2022;49.713047
CHL;2022;28.114304
ZAF;2022;5.763209
OWID_WRL;2022;18.208134
